node_id,label
44168,1
38746,0
12842,0
36411,0
27111,0
23725,0
21790,0
35711,0
28365,0
4914,0
5093,0
39,0
35169,0
10026,0
10955,0
28519,0
30442,0
17061,0
30003,0
25955,0
1869,0
17417,0
24029,0
12424,0
7228,0
33178,0
8110,0
41321,1
28985,0
1863,0
17946,0
31728,0
28963,0
36031,0
26649,0
5425,0
23908,0
7565,0
41835,1
26770,0
8213,0
42589,1
20271,0
5801,0
32156,0
26551,0
1815,0
43805,1
17551,0
45318,1
36078,0
12438,0
26955,0
37650,0
17168,0
33867,0
43474,1
18386,0
18567,0
6513,1
44023,1
17452,0
22008,0
42387,1
24153,0
40376,1
21583,0
12918,0
42374,1
43022,1
12637,0
32893,0
36610,0
13037,0
40006,0
40517,1
38742,0
41150,1
5767,0
27968,0
6155,1
16937,0
44335,1
15257,0
45586,1
25577,0
12235,0
13804,0
14832,0
42252,1
17645,0
12956,0
24235,0
17179,0
8943,0
41300,1
32519,0
18788,0
9413,0
44877,1
23008,0
43291,1
38322,0
24189,0
18261,0
36906,0
12735,0
26397,0
22663,0
23060,0
27643,0
26003,0
33480,0
23019,0
32349,0
1873,0
13124,0
40799,1
7564,0
41379,1
3677,0
18307,1
43284,1
9936,0
36817,0
38043,0
16588,0
8468,0
6546,1
25794,0
8092,0
27043,0
20405,0
44727,1
25256,0
45821,1
14769,0
3102,0
24258,0
24228,0
33190,0
17055,0
43224,1
4482,0
18016,0
7681,0
14644,0
20026,0
29276,0
19686,0
11736,0
29521,0
40525,1
4646,0
33623,0
17524,0
42721,1
22080,0
24321,0
19808,0
23140,0
9889,0
29826,0
28722,0
24418,0
24513,0
5177,0
6328,1
44060,1
29771,0
18195,0
33937,0
12635,0
42251,1
12812,0
42114,1
29221,0
9065,0
30066,0
382,0
40075,0
38801,0
33045,0
20995,0
25340,0
21431,0
6269,1
24918,0
40081,1
26141,0
26154,0
36993,0
3516,0
32791,0
42487,1
29965,0
40903,1
27596,0
7694,0
15078,0
14231,0
30861,0
29589,0
19975,0
45379,1
30573,0
36136,0
40958,1
19000,0
7475,0
30579,0
35229,0
5038,0
26932,0
5861,0
31496,0
45019,1
40732,1
24365,0
186,0
31508,0
42273,1
37633,0
20123,0
38263,0
3213,0
16307,0
28231,0
3602,0
25972,0
12245,0
39943,0
26389,0
21213,0
4226,0
1457,0
45505,1
2946,0
30902,0
13389,0
42941,1
4173,0
29952,0
1459,0
24250,0
24771,0
9732,0
20366,0
44720,1
23911,0
30190,0
22154,0
28681,0
38960,0
35641,0
43694,1
42121,1
5816,0
12932,0
22001,0
29540,0
11025,0
37426,0
17454,0
22110,0
23215,0
116,0
10190,0
11472,0
38392,0
38916,0
38692,0
16885,0
23123,0
41825,1
8932,0
16130,0
40282,1
5202,0
930,0
34964,0
16752,0
2922,0
23740,0
4308,0
28354,0
19901,0
24288,0
682,0
37728,0
43922,1
24704,0
26317,0
6498,1
13936,0
31146,0
558,0
43111,1
38707,0
20345,0
35050,0
20853,0
21819,0
20854,0
26489,0
41920,1
44240,1
21376,0
42880,1
18339,0
31275,0
21331,0
16849,0
12200,0
11772,0
41403,1
6708,0
6385,1
36244,0
35837,0
33518,0
9487,0
13284,0
25776,0
3209,0
14965,0
13399,0
1211,0
15150,1
9394,0
36395,0
29463,0
3717,0
16112,0
34840,0
38227,0
26866,0
45710,1
44218,1
45568,1
36716,0
28215,0
2609,0
18504,0
23210,0
35041,0
798,0
18131,0
45157,1
44065,1
31352,0
42593,1
18856,0
35471,0
36556,0
24113,0
34409,0
1583,0
11808,0
22937,0
21806,0
13238,0
38628,0
12347,0
19297,0
23993,0
22111,0
3791,0
29262,0
16166,0
6729,0
20207,0
37651,0
30033,0
12866,0
9530,0
40798,1
8824,0
24882,0
9667,0
15246,0
45547,1
45481,1
30947,0
39864,0
11339,0
14470,0
12881,0
35275,0
15152,0
8214,0
11119,0
10951,0
25650,0
10770,0
36981,0
15000,0
24092,0
45727,1
12067,0
27347,0
12427,0
1171,0
1203,0
1813,0
16113,0
30225,0
13731,0
32020,0
43245,1
38096,0
16183,0
23409,0
25386,0
11480,0
19830,0
37566,0
8494,0
10064,0
29714,0
18326,0
37701,0
24118,0
37082,0
12072,0
8247,0
36885,0
45752,1
13000,0
4111,0
2429,0
34424,0
5575,0
35920,0
27030,0
34340,0
4744,0
26042,0
34796,0
32840,0
1471,0
11008,0
43215,1
29550,0
31918,0
21186,0
18285,0
6618,1
865,0
41872,1
44829,1
6263,1
32121,0
4307,0
44205,1
2360,0
35439,0
39107,0
2788,0
2757,0
12333,0
4017,0
21552,0
15662,0
21026,0
2996,0
20741,0
15392,0
7696,0
28646,0
1079,0
39577,0
35315,0
20195,0
4680,0
38703,0
34532,0
29584,0
18459,0
33885,0
23193,0
1630,0
36618,0
1025,0
30334,0
45289,1
6968,0
20742,0
17289,0
7787,0
23713,0
17400,0
4163,0
9374,0
9053,0
38278,0
22166,0
45894,0
45666,1
28012,0
22147,0
2896,0
32998,0
28368,0
43676,1
20552,0
34664,0
43192,1
23894,0
22107,0
37839,0
24880,0
33421,0
14627,0
4448,0
44938,1
9260,0
22161,0
30110,0
19831,0
20504,0
7924,0
13962,0
35461,0
31376,0
10507,0
12047,0
4461,0
24767,0
45719,1
23760,0
16677,0
34261,0
18337,0
11431,0
32108,0
8330,0
3295,0
32642,0
44505,1
27947,0
477,0
5909,0
7635,0
27984,0
36504,0
8808,0
40792,1
25262,0
35283,0
6884,0
42896,1
2247,0
16706,0
20432,0
25967,0
13991,0
2906,0
13369,0
814,0
28250,0
5380,0
33716,0
7064,1
25489,0
38748,0
27155,0
44916,1
43422,1
38377,0
28922,0
11970,0
36762,0
34999,0
38329,0
34305,0
11316,0
34364,0
18791,0
3775,0
5950,0
44551,1
40090,1
13534,0
18897,0
45526,1
4901,0
2428,0
40202,1
36837,0
35603,0
16920,0
26735,0
36235,0
168,0
44708,1
12769,0
13478,0
1447,0
7677,0
3571,0
35220,0
21355,0
26399,0
6184,1
30416,0
39150,0
39416,0
42461,1
26725,0
10948,0
24519,0
3845,0
7561,0
41046,1
3208,0
43405,1
25870,0
21064,0
36926,0
8276,0
37246,0
6940,0
28029,0
33322,0
28586,0
2513,0
38921,0
6795,0
20899,0
36171,0
22516,0
33342,0
3601,0
26118,0
40610,1
2724,0
40904,1
4231,0
30286,0
28613,0
22028,0
356,0
26839,0
20303,0
28763,0
27476,0
23810,0
5837,0
4280,0
3453,0
25151,0
2689,0
28677,0
6925,0
2620,0
42433,1
24139,0
43673,1
30444,0
1894,0
32136,0
35932,0
37979,0
5278,0
11711,0
17322,0
8665,0
26223,0
15224,0
22314,0
30295,0
5692,0
39209,0
9116,0
13554,0
44351,1
45249,1
41014,1
39694,0
23339,0
21333,0
35723,0
21223,0
22362,0
28852,0
16478,0
31750,0
23084,0
2364,0
35413,0
20133,0
35844,0
32809,0
25099,0
38238,0
38234,0
43356,1
40646,1
34967,0
33896,0
22257,0
24836,0
32377,0
26380,0
45438,1
27408,0
19555,0
44399,1
13339,0
16417,0
15337,0
14777,0
15816,0
39398,0
24244,0
35212,0
41383,1
972,0
33683,0
44901,1
39174,0
43715,1
9918,0
13927,0
3511,0
22197,0
269,0
17107,0
11376,0
4756,0
20766,0
8726,0
40460,1
7708,0
36246,0
16334,0
7146,0
41196,1
42077,1
3462,0
15991,0
29633,0
20409,0
230,0
388,0
31815,0
6608,1
36156,0
42801,1
14082,0
10429,0
27653,0
34460,0
7601,0
38394,0
35129,0
45667,1
39312,0
35973,0
10452,0
9447,0
32536,0
17687,0
2726,0
41855,1
11022,0
32550,0
9258,0
17672,0
27183,0
6363,1
30430,0
26655,0
32559,0
23203,0
6195,1
12731,0
909,0
32466,0
41389,1
14595,0
12205,0
17329,0
40337,1
9621,0
42358,1
44088,1
14753,0
20225,0
6070,1
34910,0
45774,1
15401,0
41938,1
24595,0
29066,0
33787,0
41433,1
2872,0
6440,1
43181,1
34095,0
45315,1
1454,0
10956,0
33368,0
5419,0
23418,0
22360,0
24375,0
33751,0
27848,0
28672,0
31289,0
7201,0
12850,0
44253,1
14853,0
1536,0
42693,1
21744,0
4426,0
41675,1
42262,1
4142,0
17245,0
38503,0
28405,0
9761,0
10635,0
6691,1
34195,0
18147,0
4864,0
4230,0
19136,0
27704,0
27593,0
12757,0
31977,0
2805,0
4418,0
14557,0
24945,0
16739,0
34694,0
38643,0
26242,0
21653,0
39552,0
30377,0
44586,1
32649,0
6704,1
37524,0
45935,0
4731,0
28419,0
33085,0
18662,0
16627,0
19611,0
26954,0
22218,0
26401,0
18943,0
31393,0
35983,0
32698,0
36655,0
6805,0
32785,0
24732,0
3300,0
35769,0
15529,0
20586,0
22115,0
43190,1
11571,0
43032,1
6121,1
10560,0
9867,0
20690,0
13806,0
23392,0
26732,0
24247,0
25747,1
310,0
20522,0
41280,1
14008,0
16346,0
45002,1
45448,1
9362,0
18723,1
9091,0
36812,0
2148,0
20896,0
32458,0
15803,0
1515,0
43387,1
33879,0
897,0
18366,0
17689,0
9387,0
12119,0
994,0
25249,0
3052,0
20541,0
2572,0
13550,0
34162,0
27687,0
7944,0
27033,0
11184,0
43113,1
17053,0
28925,0
26720,0
8698,0
31322,0
12270,0
10811,0
27781,0
10561,0
15225,0
15728,0
42648,1
18295,0
9125,0
21153,0
40440,1
27599,0
1856,0
44135,1
44161,1
918,0
39146,0
42733,1
33610,0
22469,0
31245,0
10430,0
24336,0
7027,0
19568,0
19762,0
31572,0
36383,0
38977,0
13434,0
13090,0
41233,1
33817,0
8011,0
10607,0
44212,1
39230,0
4590,0
24379,0
10142,0
17210,0
32433,0
43781,1
14998,0
15438,0
15535,0
33813,0
41449,1
38167,0
36198,0
36543,0
14058,0
15622,0
20180,0
41619,1
19771,0
41826,1
29573,0
16115,0
17293,0
28857,0
35360,0
30087,0
14579,0
26041,0
20372,0
35779,0
4465,0
42803,1
22491,0
16414,0
18589,0
28140,0
40937,1
12161,0
22815,0
30914,0
24855,0
22287,0
37676,0
35038,0
30382,0
16019,0
22779,0
8221,0
264,0
3260,0
13058,0
42268,1
7739,0
44811,1
24362,0
37934,0
41759,1
12415,0
25162,0
7181,0
3686,0
20555,0
24747,0
42483,1
26098,0
40313,1
29186,0
25579,0
31974,0
13024,0
5134,0
4248,0
5286,0
42890,1
18183,0
2997,0
4567,0
37248,0
15501,0
2248,0
28508,0
30921,0
28546,0
26467,0
39176,0
10675,0
45008,1
5919,0
29000,0
12910,0
2066,0
11084,0
29983,0
391,0
11324,0
40663,1
37192,0
20096,0
29136,0
36891,0
12867,0
30128,0
28382,0
5680,0
43058,1
15980,0
11000,0
9727,0
42944,1
10867,0
13231,0
28314,0
31668,0
19159,0
38355,0
14752,0
45741,1
15420,0
4959,0
14592,0
17495,0
9894,0
35731,0
21329,0
30193,0
45657,1
19221,0
8439,0
12511,0
20239,0
33689,0
31769,0
39284,0
45215,1
4031,0
14319,0
10958,0
27573,0
12638,0
1487,0
4815,0
3019,0
11867,0
26535,0
26772,0
36358,0
20360,0
25224,0
856,0
28312,0
23654,0
17096,0
24803,0
42668,1
33399,0
5965,0
5268,0
16954,0
11091,0
14317,0
13062,0
11901,0
3614,0
33811,0
14429,0
19582,0
12397,0
4695,0
19485,0
25452,0
30199,0
39144,0
13595,0
32061,1
20807,0
32975,0
20808,0
632,0
21210,0
30990,0
23629,0
27880,0
30368,0
2556,0
21527,0
34131,0
24763,0
28069,0
39181,0
21048,0
1791,0
29966,0
14901,0
4156,0
12777,0
37209,0
38982,0
6404,1
5596,0
9218,0
32131,0
22423,0
14010,0
35244,0
774,0
20048,0
12188,0
38199,0
7416,0
38719,0
38554,0
21999,0
18108,0
4504,0
25267,0
44843,1
42466,1
19102,0
23594,0
25213,0
12219,0
43841,1
8075,0
27201,0
40084,1
39805,0
32373,0
29328,0
1202,0
7915,0
35016,0
14328,0
18182,0
2420,0
389,0
2181,0
36946,0
24188,0
8455,0
42987,1
38083,0
35997,0
2013,0
6459,1
78,0
12450,0
29646,0
34347,0
2715,0
22830,0
15454,0
44416,1
22722,0
17709,0
13680,0
12645,0
27960,0
5312,0
44792,1
5856,0
35361,0
34908,0
44624,1
18840,0
33181,0
41886,1
6850,0
14499,0
41175,1
40687,1
33420,0
30346,0
21260,0
29266,0
8431,0
12214,0
32223,0
18443,0
11064,0
44434,1
38994,0
17335,0
18327,0
33436,0
23926,0
2508,0
6188,1
25762,0
18796,0
10186,0
14992,0
37926,0
12018,0
36586,0
28104,0
13719,0
23976,0
4050,0
39475,0
42723,1
3628,0
29638,0
15567,0
25436,0
16252,0
11370,0
38252,0
24641,0
8188,0
1230,0
27877,0
4055,0
19552,0
33622,0
33784,0
5257,0
39027,0
7873,0
26933,0
38832,0
36084,0
31843,0
7445,0
36490,0
34431,0
21896,0
14823,0
43324,1
7472,0
9114,0
23146,0
4777,0
18737,0
32510,0
14251,0
32257,0
32783,0
1033,0
1450,0
11665,0
26958,0
33203,0
39223,0
45700,1
38034,0
18192,0
8373,0
18729,0
25449,0
13964,0
577,0
35172,0
30736,0
45947,0
26713,0
6368,1
2608,0
14628,0
7364,0
28142,0
36006,0
29365,0
27098,0
1655,0
22394,0
25518,0
41715,1
16038,0
20186,0
40106,1
35263,0
33266,0
42050,1
23106,0
29336,0
33294,0
44656,1
23446,0
19322,0
5576,0
32839,0
24664,0
17277,0
14985,0
22903,0
7160,0
40508,1
33575,0
45900,0
30611,0
5775,0
17618,0
27072,0
34123,0
19143,0
8094,0
20441,0
40181,1
14273,0
45445,1
6396,1
43914,1
34189,0
22938,0
29027,0
36101,0
43915,1
7647,0
22169,0
13448,0
16040,0
21912,0
38082,0
39363,0
26037,0
14971,0
20346,0
979,0
15898,0
42839,1
37876,0
28097,0
696,0
9661,0
5420,0
20901,0
43657,1
20602,0
14986,0
17137,0
32172,0
4978,0
2750,0
15888,0
42439,1
20714,0
8420,0
19819,0
39505,0
29782,0
35093,0
27804,0
30429,0
426,0
10964,0
42031,1
10676,0
1237,0
19521,0
24352,0
3469,0
44299,1
565,0
22560,0
36048,0
5658,0
22046,0
1068,0
44704,1
29422,0
18553,0
29478,0
44012,1
24000,0
17035,0
42063,1
12702,0
22014,0
26146,0
45162,1
1047,0
2094,0
23650,0
3709,0
13919,0
43931,1
43989,1
30886,0
19519,0
40346,1
17706,0
28344,0
5879,0
2017,0
41774,1
39499,0
45712,1
21809,0
9700,0
20548,0
38564,0
22022,0
34330,0
23775,0
19257,0
1801,0
11626,0
2093,0
35239,0
33916,0
25665,0
18476,0
19734,0
2070,0
24486,0
13892,0
6117,1
45312,1
25571,0
27736,0
25377,0
23853,0
43220,1
14915,0
26197,0
35037,0
14970,0
12667,0
1251,0
34485,0
6503,1
25174,0
35173,0
16511,0
4735,0
1213,0
7563,0
21151,0
3739,0
8296,0
11028,0
12287,0
11093,0
40312,1
27582,0
12824,0
24647,0
44749,1
338,0
19245,0
27813,0
37224,0
42566,1
37951,0
33147,0
36973,0
13720,0
35358,0
22112,0
31859,0
30937,0
12115,0
17663,0
17537,0
1387,0
38968,0
14642,0
30325,0
25048,0
3167,0
18271,0
23405,0
4760,0
34350,0
37449,0
23313,0
16670,0
19397,0
34150,0
32896,0
44878,1
35170,0
27274,0
18031,0
22431,0
29545,0
41838,1
17126,0
29828,0
40579,1
12487,0
35687,0
41262,1
38811,0
1987,0
43779,1
8781,0
34213,0
11255,0
21313,0
14100,0
20806,0
26817,0
1744,0
6690,1
21138,0
41561,1
20567,0
27632,0
36152,0
31665,0
5918,0
39236,0
40165,1
39535,0
32662,0
35975,0
2635,0
25853,0
6800,0
12826,0
28166,0
39282,0
15817,0
14280,0
8931,0
23022,0
33370,0
18877,0
13388,0
6837,0
41869,1
8618,0
32274,0
32506,0
45099,1
11715,0
1,0
45054,1
44452,1
37814,0
39159,0
6132,1
30278,0
25822,0
41104,1
40095,1
18376,0
3141,0
35655,0
21032,0
15833,0
4602,0
30025,0
21311,0
43871,1
13981,0
44031,1
28998,0
42599,1
5729,0
23856,0
16587,0
6475,1
44414,1
18813,0
20643,0
11716,0
31212,0
11625,0
4868,0
43681,1
3927,0
3417,0
26692,0
29989,0
32294,0
17235,0
5552,0
19976,0
19862,0
19403,0
43845,1
18888,0
43310,1
30759,0
11679,0
27683,0
4186,0
1490,0
12321,0
17385,0
29994,0
765,0
18564,0
13801,0
20122,0
33859,0
17243,0
1004,0
39631,0
15361,0
40302,1
17656,0
23476,0
3673,0
11267,0
44010,1
14843,0
11980,0
33471,0
38966,0
14702,0
41132,1
21647,0
19807,0
22717,0
22916,0
42249,1
18829,0
27156,0
14922,0
16738,0
27257,0
40857,1
39369,0
35213,0
40365,1
10538,0
2654,0
1518,0
24386,0
33847,0
13781,0
41395,1
2772,0
7596,0
16608,0
14234,0
45383,1
26494,0
10166,0
4923,0
44197,1
4076,0
29866,0
45075,1
9791,0
18216,0
18899,0
9168,0
4328,0
35373,0
1768,0
44574,1
27943,0
31365,0
7782,0
45032,1
38480,0
5019,0
12101,0
45622,1
15023,0
18296,0
1682,0
42375,1
12291,0
25085,0
43513,1
4056,0
43987,1
10602,0
41250,1
41632,1
1165,0
6029,1
1788,0
6580,1
30634,0
9379,0
10270,0
17871,0
14833,0
36147,0
11596,0
14449,0
4255,0
43419,1
4387,0
39891,0
20549,0
2500,0
18859,0
19047,0
26831,0
28157,0
26253,0
23710,0
2087,0
10528,0
7879,0
24521,0
44706,1
12784,0
36533,0
24610,0
32532,0
697,0
37131,0
42165,1
34475,0
29283,0
2449,0
14948,0
3294,0
24627,0
3876,0
37472,0
19330,0
36133,0
27992,0
25012,0
29671,0
35182,0
26012,0
43645,1
15856,0
42681,1
24394,0
33989,0
28179,0
35741,0
25420,0
3095,0
36410,0
24984,0
29652,0
3872,0
20581,0
16009,0
5583,0
40162,1
15284,0
11815,0
20490,0
20254,0
33463,0
38905,0
23480,0
29739,0
45226,1
9887,0
20859,0
9874,0
344,0
2254,0
14365,0
17118,0
13577,0
12399,0
25671,0
14886,0
6663,1
16049,0
17403,0
40600,1
32488,0
26518,0
23284,0
2143,0
36827,0
35153,0
18444,0
37032,0
2921,0
30989,0
42072,1
12774,0
13236,0
37499,0
18394,0
26867,0
21988,0
40163,1
20005,0
42216,1
22923,0
44617,1
4636,0
41315,1
10426,0
12451,0
35310,0
42292,1
10642,0
13960,0
10197,0
19423,0
11531,0
130,0
35686,0
40111,1
22002,0
12653,0
26263,0
42411,1
31577,0
40912,1
23334,0
28193,0
17490,0
7302,0
19867,0
8526,0
10771,0
8169,0
3322,0
15624,0
45026,1
33990,0
33994,0
43050,1
39850,0
32881,0
18798,0
6770,0
24967,0
8685,0
45550,1
38717,0
8425,0
15963,0
22126,0
8202,0
29552,0
29984,0
3062,0
14432,0
22881,0
11576,0
39663,0
152,0
8199,0
13686,0
28272,0
44835,1
6273,1
13033,0
40576,1
21396,0
44210,1
31860,0
28374,0
36741,0
9298,0
24881,0
34663,0
16720,0
14834,0
436,0
10819,0
27283,0
31187,0
11698,0
33825,0
18827,0
1736,0
42109,1
19872,0
2856,0
11273,0
13376,0
668,0
19182,0
1500,0
34129,0
37408,0
2325,0
28567,0
10594,0
15631,0
12121,0
8643,0
4302,0
11743,0
8987,0
12127,0
40949,1
26882,0
18848,0
35937,0
42562,1
4311,0
27571,0
14517,0
22537,0
40620,1
23268,0
26500,0
13700,0
38487,0
15172,0
7090,0
3705,0
30111,0
33692,0
13687,0
37913,0
12734,0
22991,0
10434,0
10220,0
30077,0
38197,0
2809,0
4574,0
29141,0
20216,0
27509,0
30985,0
13524,0
35628,0
24023,0
43273,1
2853,0
33763,0
6244,1
44079,1
19062,0
1000,0
39734,0
19641,0
29629,0
19712,0
38565,0
42180,1
9470,0
35124,0
4032,0
26956,0
18471,0
7503,0
35419,0
33008,0
36802,0
28795,0
15342,0
12112,0
20623,0
33537,0
14585,0
35416,0
27489,0
28245,0
34317,0
2197,0
21921,0
36547,0
20116,0
15298,0
23288,0
29414,0
14596,0
26256,0
40621,1
30090,0
22892,0
3964,0
33600,0
29697,0
39493,0
5402,0
44270,1
22879,0
6494,1
39215,0
2419,0
27337,0
1371,0
3281,0
37004,0
30211,0
32752,0
21218,0
22875,0
37714,0
8358,0
16150,0
32316,0
19011,0
1787,0
17090,0
30355,0
5967,0
45613,1
41974,1
26762,0
14562,0
9834,0
16381,0
24506,0
37190,0
5618,0
20295,0
36585,0
45685,1
6381,1
15929,0
34393,0
27112,0
33981,0
25326,0
24494,0
42930,1
29794,0
33141,0
44714,1
27754,0
39221,0
13612,0
45887,0
26665,0
40271,1
4024,0
20703,0
39274,0
35855,0
33465,0
22987,0
6173,1
28438,0
42652,1
15648,0
13115,0
32115,0
10567,0
1796,0
28971,0
28524,0
281,0
277,0
10415,0
33821,0
32528,0
19090,0
5922,0
29381,0
15318,0
21825,0
25502,0
42622,1
45717,1
43119,1
15581,0
37613,0
20226,0
11986,0
23671,0
44709,1
39981,0
37370,0
25177,0
11791,0
3160,0
22172,0
21058,0
14729,0
1728,0
14290,0
31188,0
43053,1
24529,0
25913,0
4318,0
34193,0
21318,0
32722,0
44906,1
3424,0
2758,0
6169,1
27709,0
43458,1
17996,0
22934,0
34227,0
27782,0
23074,0
2122,0
783,0
27079,0
28101,0
17555,0
28452,0
24611,0
9529,0
37487,0
27642,0
17665,0
40127,1
33051,0
118,0
23880,0
23455,0
44561,1
26586,0
8307,0
16519,0
10961,0
34368,0
37530,0
45278,1
24455,0
22330,0
17544,0
36293,0
14855,0
15402,0
6854,0
38673,0
41908,1
10004,0
11280,0
33372,0
44584,1
5663,0
43973,1
41399,1
9069,0
44619,1
21992,0
6014,1
33992,0
13825,0
278,0
16605,0
38984,0
2941,0
30258,0
43049,1
10286,0
29971,0
37811,0
11568,0
26571,0
8503,0
4514,0
7917,0
8841,0
45610,1
27717,0
45055,1
9181,0
44312,1
42145,1
29341,0
16756,0
39667,0
5070,0
17081,0
42486,1
33539,0
18458,0
11865,0
28750,0
39973,0
31721,0
37501,0
39785,0
2063,0
10039,0
25728,0
23479,0
29380,0
43570,1
12116,0
42259,1
6251,1
27908,0
16237,0
21911,0
2417,0
35994,0
41147,1
23561,0
22501,0
45786,1
44059,1
14336,0
42315,1
29774,0
18345,0
18799,0
17007,0
13483,0
1097,0
24047,0
31026,0
20987,0
37877,0
22381,0
28372,0
34383,0
3658,0
23815,0
29808,0
24900,0
29111,0
11725,0
12595,0
12069,0
9038,0
30847,0
38314,0
37178,1
36280,0
22480,0
20790,0
22899,0
39295,0
34639,0
253,0
17184,0
17434,0
44053,1
7986,0
29791,0
38218,0
31102,0
34554,0
27203,0
36513,0
29413,0
7003,0
24444,0
11646,0
9291,0
4287,0
17987,0
31470,0
13202,0
24125,0
26952,0
30388,0
31007,0
35186,0
24392,0
12675,0
38612,0
10918,0
9135,0
5983,1
30657,0
6329,1
42946,1
28479,0
19817,0
18203,0
12266,0
8949,0
22321,0
29631,0
13437,0
14972,0
33629,0
20829,0
24128,0
15395,0
23573,0
45079,1
31469,0
10756,0
44859,1
3583,0
13957,0
28388,0
12766,0
25523,0
16865,0
41556,1
31542,0
13431,0
35519,0
23847,0
34079,0
30108,0
31724,0
6022,1
39299,0
6394,1
3704,0
7964,0
36872,0
27902,0
8052,0
41864,1
40361,1
9061,0
43408,1
6199,1
44209,1
9762,0
35520,0
22013,0
20989,0
12660,0
28025,0
2868,0
2447,0
41685,1
4521,0
15169,0
11410,0
42835,1
3589,0
33349,0
34505,0
32483,0
24510,0
36640,0
33753,0
34804,0
2090,0
30936,0
19456,0
32820,0
8394,0
35743,0
36387,0
31552,0
33919,0
37722,0
14011,0
12499,0
38217,0
44895,1
24172,0
24028,0
42933,1
38646,0
36351,0
38045,0
39969,0
44828,1
17692,0
19253,0
31111,0
35431,0
43390,1
26466,0
34185,0
32628,0
40677,1
18960,0
43917,1
26884,0
35465,0
6630,1
2833,0
2848,0
12775,0
3109,0
11602,0
15573,0
28011,0
16473,0
19602,0
25355,0
14999,0
30075,0
43874,1
29880,0
19274,0
7221,0
44682,1
41387,1
29578,0
37961,0
38887,0
23616,0
24011,0
24130,0
7877,0
3161,0
28415,0
27437,0
37025,0
43520,1
23711,0
8003,0
8,0
15297,0
221,0
5508,0
31869,0
38749,0
40581,1
5703,0
12631,0
39194,0
3947,0
34685,0
31441,0
35869,0
5797,0
5695,0
16971,0
21037,0
27388,0
23115,0
38898,0
1437,0
5431,0
15147,0
45678,1
41202,1
45397,1
9063,0
24624,0
29996,1
19254,0
45493,1
5659,0
4818,0
42706,1
9101,0
31476,0
37849,0
40735,1
38483,0
17777,0
16434,0
37462,0
16505,0
44515,1
2328,0
3244,0
32898,0
2155,0
14109,0
10632,0
38710,0
17550,0
32756,0
10115,0
1662,0
37930,0
14136,0
20740,0
610,0
22506,0
11807,0
21460,0
8079,0
20942,0
8362,0
1667,0
2725,0
30865,0
13921,0
42828,1
41563,1
41962,1
40169,1
7120,0
12326,0
39432,0
39541,0
39697,0
27869,0
5448,0
4974,0
11583,0
42512,1
45772,1
479,0
37336,0
28864,0
8050,0
43374,1
37480,0
14563,0
38498,0
11305,0
35951,0
6564,1
11765,0
2571,0
24970,0
40511,1
9140,0
12015,0
4710,0
26612,0
26132,0
17676,0
25510,0
27974,0
5298,0
34626,0
38919,0
35782,0
33582,0
2499,0
18055,0
3377,0
45691,1
15864,0
13011,0
31438,0
38511,0
7072,1
25073,0
5593,0
6230,1
43397,1
4404,0
35352,0
38231,0
27158,0
36519,0
22391,0
27443,0
2669,0
11436,0
11769,0
45790,1
20043,0
39642,0
9658,0
10609,0
28730,0
25801,0
23000,0
26851,0
44115,1
44934,1
30581,0
25549,0
45609,1
6656,1
31332,0
45708,1
45513,1
34472,0
4910,0
35309,0
32144,0
24291,0
38128,0
33828,0
43607,1
3218,0
29453,0
14378,0
19674,0
3520,0
9195,0
40816,1
37169,0
708,0
7281,0
32960,0
15557,0
44860,1
10050,0
36008,0
12862,0
26258,0
43401,1
17774,0
36938,0
34654,0
16482,0
27952,0
33138,0
21332,0
39893,0
27919,0
12013,0
3604,0
36574,0
15954,0
13718,0
39717,0
20497,0
43433,1
39068,0
38802,0
40015,0
35879,0
45136,1
41045,1
26698,0
32551,0
42628,1
43918,1
29644,0
21320,0
25300,0
12299,0
4488,0
978,0
36438,0
15714,0
3651,0
41677,1
7312,0
22852,0
10298,0
10217,0
45347,1
8967,0
5675,0
42248,1
10247,0
9787,0
11239,0
18043,0
35602,0
21135,0
1290,0
44263,1
45882,1
17363,0
29075,0
13898,0
43090,1
41548,1
6312,1
44740,1
486,0
8238,0
34979,0
34746,0
26412,0
8725,0
23766,0
24723,0
23380,0
9281,0
14092,0
7092,0
2137,0
28177,0
24263,0
7076,1
45761,1
14645,0
8840,0
3838,0
22707,0
40612,1
34231,0
41255,1
24186,0
37959,0
878,0
27819,0
28082,0
12477,0
45187,1
15456,0
1906,0
21969,0
2273,0
3133,0
40423,1
812,0
2486,0
25389,0
7148,0
29499,0
38865,0
39901,0
44440,1
31405,0
38051,0
43438,1
8766,0
5121,0
25695,0
21176,0
26610,0
8354,0
42561,1
34902,0
23652,0
2924,0
28107,0
41341,1
1755,0
34507,0
32010,0
36316,0
23453,0
9725,0
12467,0
6001,1
38763,0
18158,0
196,0
26437,0
16162,0
26281,0
10492,0
33025,0
13152,0
5705,0
33866,0
19839,0
7962,0
3306,0
10878,0
15383,0
40836,1
25597,0
8502,0
11140,0
18522,0
33403,0
32272,0
15957,0
16443,0
29609,0
4598,0
32854,0
27362,0
23836,0
29076,0
22203,0
22211,0
34083,0
23379,0
10656,0
24758,0
42362,1
4600,0
26267,0
5492,0
1646,0
8784,0
28715,0
37909,0
27538,0
41274,1
33489,0
28867,0
42866,1
16001,0
23011,0
33628,0
14612,0
286,0
11004,0
40205,1
37548,0
36309,0
33435,0
20209,0
16248,0
6049,1
15326,0
9905,0
42720,1
32387,0
24162,0
19123,0
41823,1
39978,0
19884,0
9130,0
39896,0
14203,0
20332,0
19880,0
4941,0
14179,0
1628,0
14847,0
4866,0
42355,1
9521,0
14728,0
39485,0
12827,0
5074,0
25632,0
26060,0
34653,0
6100,1
15515,0
33405,0
13517,0
38602,0
16896,0
26435,0
10923,0
4415,0
25821,0
12429,0
25532,0
14504,0
45837,1
32530,0
40116,1
1189,0
27689,0
20997,0
13173,0
28568,0
9134,0
28603,0
37656,0
3644,0
19655,0
35841,0
44955,1
30643,0
18624,0
18046,0
318,0
26484,0
3126,0
14643,0
31303,0
16195,0
21074,0
3253,0
29902,0
28375,0
39883,0
495,0
1866,0
35914,0
32135,0
20453,0
5653,0
40137,1
13193,0
38619,0
35744,0
4859,0
18354,0
37567,0
36497,0
24422,0
12611,0
22999,0
1001,0
7855,0
4000,0
6788,0
15659,0
25545,0
18060,0
27748,0
6041,1
27297,0
16600,0
32601,0
33335,0
31777,0
21512,0
37889,0
16536,0
27020,0
45114,1
40582,1
20318,0
44032,1
28657,0
16101,0
44521,1
3030,0
35363,0
16177,0
18163,0
8018,0
4121,0
34620,0
32581,0
38875,0
21840,0
38138,0
13419,0
38891,0
32577,0
13203,0
33912,0
41501,1
30920,0
36719,0
34556,0
41942,1
34148,0
22315,0
2292,0
9145,0
45009,1
36175,0
2098,0
22433,0
19427,0
18362,0
5607,0
13329,0
14486,0
43785,1
20387,0
4634,0
14014,0
26601,0
21169,0
42813,1
27827,0
5008,0
40791,1
12134,0
18968,0
12542,0
24065,0
25820,0
3361,0
42700,1
40623,1
17628,0
21634,0
20202,0
12939,0
36676,0
926,0
32921,0
12938,0
43783,1
40515,1
37380,0
23417,0
41234,1
21663,0
36138,0
13569,0
10877,0
19246,0
5943,0
18407,0
20296,0
43859,1
11967,0
10769,0
32511,0
2638,0
4192,0
15258,0
37848,0
2524,0
25785,0
16223,0
40588,1
18569,0
26279,0
40978,1
13716,0
20119,0
39290,0
28505,0
15096,0
6643,1
30687,0
22644,0
9349,0
8813,0
35755,0
13220,0
37420,0
20689,0
145,0
31058,0
40512,1
36639,0
31316,0
40487,1
5044,0
43889,1
5336,0
43969,1
1089,0
22780,0
30855,0
36038,0
541,0
22954,0
9100,0
34338,0
25738,0
7370,0
26332,0
18145,0
39007,0
35768,0
8280,0
6825,0
1262,0
7714,0
9141,0
153,0
42832,1
1898,0
24806,0
38810,0
26785,0
2950,0
36213,0
33667,0
36042,0
21244,0
28848,0
23133,0
37562,0
2080,0
34851,0
25607,0
33280,0
18847,0
29244,0
24923,0
8521,0
8730,0
36090,0
45584,1
62,0
5624,0
39001,0
30654,0
1586,0
11205,0
29095,0
19680,0
35582,0
12296,0
2573,0
37798,0
18568,0
6236,1
12593,0
38232,0
6913,0
13051,0
45039,1
16649,0
8576,0
24106,0
41301,1
21113,0
44760,1
24845,0
38286,0
3275,0
9151,0
28039,0
38897,0
35969,0
13533,0
42928,1
9450,0
19477,0
16763,0
25060,0
28620,0
27844,0
27226,0
5587,0
34328,0
44867,1
7662,0
11760,0
32494,0
1358,0
20948,0
17302,0
38594,0
17733,0
14715,0
31229,0
32237,0
14935,0
43825,1
17134,0
16318,0
42258,1
36619,0
22190,0
28794,0
20183,0
354,0
39101,0
16136,0
14119,0
17176,0
37718,0
32269,0
41887,1
36391,0
17124,0
23945,0
8414,0
12001,0
20326,0
6483,1
43602,1
30507,0
25182,0
1225,0
25697,0
15576,0
27265,0
25520,0
24496,0
11553,0
23257,0
19590,0
8655,0
18479,0
24071,0
33658,0
33452,0
8299,0
24388,0
17187,0
10243,0
13098,0
5968,0
13233,0
13722,0
339,0
9653,0
14344,0
41060,1
33785,0
23125,0
7733,0
34843,0
928,0
10764,0
44748,1
5924,0
1373,0
28578,0
29171,0
18126,0
9034,0
33385,0
19024,0
33776,0
6684,1
6349,1
10484,0
26965,0
9843,0
17472,0
24446,0
40455,1
12304,0
24757,0
24359,0
30229,0
16952,0
26818,0
15281,0
43370,1
24369,0
1494,0
19962,0
12779,0
14040,0
45645,1
2867,0
34276,0
10351,0
20635,0
39399,0
19412,0
18451,0
3898,0
30765,0
22877,0
8074,0
18064,0
32633,0
39986,0
38059,0
21451,0
28345,0
22132,0
39240,0
40941,1
30181,0
40250,1
15292,0
12062,0
36135,0
36256,0
24642,0
9948,0
3372,0
40206,1
24018,0
27145,0
38326,0
16249,0
17498,0
18823,0
17617,0
20012,0
43905,1
37390,0
33053,0
43719,1
23981,0
45670,1
24222,0
9425,0
4490,0
3662,0
11107,0
22769,0
10884,0
1962,0
9334,0
23677,0
36989,0
27762,0
7297,0
33611,0
43035,1
41368,1
24854,0
30124,0
20224,0
15102,0
36711,0
4265,0
29804,0
31603,0
19437,0
8601,0
23254,0
41709,1
3202,0
28073,0
25199,0
31874,0
13610,0
1105,0
22146,0
15168,0
30247,0
14787,0
12085,0
14987,0
42074,1
20272,0
17150,0
5632,0
20985,0
37561,0
24060,0
14545,0
22906,0
23194,0
5098,0
43713,1
13561,0
1045,0
24248,0
16957,0
37696,0
31273,0
12178,0
18655,1
31178,0
27048,0
12711,0
33597,0
3846,0
36121,0
21021,0
37325,0
17313,0
20467,0
32201,0
16185,0
43998,1
31166,0
21066,0
38837,0
22275,0
30599,0
39831,0
13151,0
17678,0
38002,0
15733,0
31714,0
2263,0
32159,0
30934,0
36584,1
17216,0
42537,1
37464,0
7265,0
22084,0
6562,1
336,0
36731,0
5753,0
35586,0
36916,0
32928,0
32102,0
8367,0
18695,0
13420,0
4652,0
28349,0
33704,0
39402,0
43178,1
39450,0
30768,0
13276,0
860,0
23622,0
23341,0
40808,1
25198,0
38750,0
15344,0
14929,0
33547,0
20903,0
4642,0
21766,0
45217,1
28920,0
42793,1
40519,1
38147,0
45669,1
24137,0
2476,0
12992,0
3761,0
44914,1
10902,0
12733,0
7581,0
43109,1
27292,0
26737,0
35717,0
21380,0
27205,0
11991,0
42062,1
2323,0
4310,0
771,0
4966,0
788,0
741,0
36768,0
39976,0
4612,0
19273,0
2536,0
11770,0
8331,0
30871,0
30458,0
37471,0
32149,0
18462,0
32176,0
34644,0
6555,1
9903,0
4723,0
33002,0
8010,0
13937,0
32435,0
23250,0
30062,0
39356,0
18395,0
693,0
13636,0
3070,0
35209,0
27389,0
11688,0
4473,0
18959,0
7069,1
40418,1
40330,1
19960,0
22053,0
3433,0
30447,0
17376,0
3557,0
29623,0
20789,0
20513,0
15499,0
43126,1
27577,0
45856,1
11883,0
44502,1
44164,1
26780,0
3535,0
44349,1
1368,0
17703,0
6613,1
36342,0
33192,0
33876,0
27842,0
5148,0
12803,0
509,0
18023,0
39442,0
30094,0
20906,0
7766,0
28761,0
29277,0
2389,0
44881,1
19846,0
26198,0
19316,0
36164,0
40987,1
19356,0
45022,1
44882,1
10660,0
11584,0
31914,0
11768,0
6706,0
8269,0
2940,0
6583,1
3352,0
21079,0
12251,0
36783,0
32275,0
22356,0
31583,0
17748,0
27693,0
4161,0
4938,0
26557,0
23027,0
22413,0
41050,1
8335,0
12092,0
34287,0
4264,0
34934,0
24539,0
25729,0
32468,0
33120,0
40002,0
2546,0
26400,0
24045,0
6202,1
2995,0
21776,0
41623,1
33215,0
3675,0
9768,0
11197,0
34468,0
35911,0
8990,0
29803,0
28948,0
4675,0
27113,0
8809,0
1771,0
2324,0
30617,0
25718,0
28085,0
8642,0
17521,0
21181,0
34634,0
45328,1
42875,1
24914,0
42424,1
39823,0
35398,0
39105,0
12964,0
6019,1
38156,0
40898,1
45322,1
1010,0
42211,1
12078,0
5129,0
1242,0
30942,0
9924,0
11831,0
5628,0
7426,0
25919,0
43884,1
38068,0
29014,0
35819,0
40711,1
5368,0
23191,0
3326,0
40187,1
22323,0
27149,0
33837,0
38591,0
1282,0
6234,1
33515,0
21007,0
35503,0
34530,0
40948,1
2433,0
13850,0
18939,0
19335,0
35538,0
29669,0
18511,0
20784,0
45841,1
17549,0
34408,0
7371,0
36119,0
3536,0
29165,0
30660,0
10200,0
42001,1
19900,0
25754,0
11618,0
38551,0
40252,1
22838,0
3550,0
39708,0
12017,0
45809,1
28229,0
44260,1
6594,1
31020,0
40733,1
10494,0
15655,0
2807,0
9299,0
33900,0
17269,0
30178,0
10003,0
37074,0
3122,0
13761,0
12835,0
9077,0
31813,0
34488,0
8380,0
6163,1
40946,1
27895,0
34009,0
3613,0
39254,0
11416,0
45253,1
42822,1
20187,0
15871,0
28796,0
44846,1
17601,0
41432,1
26971,0
43714,1
7645,0
11398,0
12133,0
434,0
21551,0
14277,0
23118,0
32074,0
42917,1
27896,0
7071,1
6055,1
32271,0
5531,0
33644,0
11420,0
24135,0
41678,1
34487,0
2727,0
38431,0
44817,1
27486,0
30787,0
27619,0
28737,0
19248,0
29321,0
35590,0
45591,1
40443,1
27523,0
34400,0
4283,0
43436,1
1154,0
2288,0
20858,0
28252,0
44806,1
29458,0
11927,0
2664,0
34206,0
33936,0
24002,0
11373,0
37983,0
45805,1
10139,0
27472,0
25779,0
34452,0
29398,0
27272,0
5758,0
43572,1
7762,0
17644,0
4737,0
15394,0
11684,0
12409,0
32935,0
848,0
6899,0
7679,0
33128,0
32179,0
2359,0
8497,0
43468,1
3773,0
37505,0
12488,0
21419,0
6615,1
5859,0
33574,0
5322,0
40880,1
4039,0
38645,0
28897,0
40221,1
32591,0
24985,0
891,0
24483,0
23796,0
35005,0
22424,0
21523,0
43345,1
2277,0
39518,0
17476,0
12758,0
19743,0
43149,1
24227,0
35614,0
36875,0
31601,0
40905,1
14385,0
15616,0
11828,0
45709,1
21362,0
15108,0
29107,0
32853,0
36050,0
28060,0
42741,1
34904,0
6759,0
41744,1
23112,0
37936,0
43591,1
32937,0
27066,0
37166,0
30330,0
41146,1
10310,0
40835,1
20846,0
37358,0
10289,0
39873,0
42911,1
26863,0
18313,0
31435,0
20112,0
39359,0
44215,1
44903,1
44234,1
24191,0
7878,0
6799,0
24583,0
10638,0
38732,0
41815,1
2649,0
30014,0
18007,0
34088,0
40824,1
1686,0
7334,0
10383,0
31344,0
41778,1
9313,0
5457,0
23139,0
37378,0
18347,0
6831,0
10384,0
15701,0
39660,0
15794,0
16450,0
41221,1
39410,0
37995,0
36798,0
32260,0
28817,0
12587,0
1747,0
13016,0
30445,0
42000,1
14569,0
37450,0
9242,0
38443,0
1064,0
14570,0
6774,0
34885,0
9837,0
45306,1
14997,0
3380,0
38664,0
17745,0
14023,0
1878,0
8166,0
4936,0
15362,0
4464,0
37075,0
21682,0
19780,0
44132,1
33430,0
15007,0
26604,0
44300,1
29267,0
29348,0
27295,0
38168,0
31447,0
4925,0
20014,0
6219,1
5052,0
41480,1
18370,0
19669,0
45744,1
19569,0
45116,1
30930,0
28315,0
31993,0
23509,0
4456,0
19366,0
20857,0
23850,0
4500,0
11049,0
11178,0
19109,0
22925,0
24794,0
43002,1
28882,0
21314,0
40916,1
24834,0
43412,1
29602,0
13707,0
10422,0
6262,1
55,0
9872,0
15969,0
8249,0
25552,0
8712,0
43528,1
17784,0
40787,1
33948,0
13650,0
13149,0
10981,0
40676,1
5222,0
14433,0
22933,0
593,0
1052,0
11939,0
5545,0
24430,0
17535,0
38099,0
42552,1
4539,0
89,0
43769,1
39031,0
35415,0
9126,0
28066,0
10302,0
22826,0
31170,0
3221,0
31415,0
22446,0
17927,0
23742,0
36429,0
5472,0
29923,0
16656,0
11933,0
18812,0
10786,0
44131,1
5211,0
41973,1
25347,0
22832,0
8706,0
18068,0
17036,0
39470,0
35521,0
27171,0
9380,0
18348,0
16852,0
16811,0
15133,0
23432,0
36207,0
42025,1
22384,0
15404,0
37329,0
8366,0
22859,0
33272,0
799,0
8850,0
28589,0
23581,0
40297,1
33001,0
10333,0
38105,0
19382,0
45129,1
21971,0
36489,0
9788,0
14029,0
12192,0
43480,1
8538,0
29113,0
22981,0
36971,0
40956,1
28237,0
36399,0
45230,1
33186,0
30231,0
6291,1
41601,1
23144,0
45440,1
31379,0
14931,0
4296,0
35795,0
8539,0
1053,0
3444,0
22027,0
8192,0
12509,0
23720,0
35410,0
34492,0
34642,0
3047,0
20076,0
31906,0
41348,1
38469,0
40957,1
43425,1
6326,1
3908,0
26727,0
20407,0
42968,1
38493,0
6801,0
10934,0
6890,0
34282,0
43605,1
6796,0
42635,1
14027,0
11523,0
27157,0
10153,0
43332,1
11565,0
5720,0
42931,1
15462,0
30744,0
33991,0
643,0
447,0
44658,1
21233,0
15004,0
7446,0
41435,1
38268,0
20106,0
35028,0
18093,0
20777,0
20047,0
998,0
43010,1
5221,0
15974,0
12934,0
32187,0
38113,0
4753,0
21353,0
42354,1
38328,0
27195,0
8653,0
41903,1
6042,1
2705,0
29451,0
41294,1
31908,0
27565,0
17122,0
16776,0
6109,1
9947,0
9942,0
43815,1
24350,0
17767,0
30740,0
22461,0
9870,0
7732,0
35334,0
42825,1
30160,0
13347,0
19285,0
13208,0
41830,1
36914,0
39795,0
42207,1
8583,0
38471,0
25412,0
37495,0
19491,0
829,0
43919,1
33736,0
37031,0
2754,0
39912,0
43365,1
39354,0
29536,0
22466,0
28969,0
27766,0
28062,0
35059,0
13838,0
37217,0
11286,0
37263,0
17189,0
32826,0
29639,0
23143,0
15209,0
21696,0
11220,0
44244,1
7196,0
11518,0
1414,0
13965,0
26580,0
37771,0
24686,0
222,0
18309,0
21953,0
37324,0
37490,0
23885,0
6434,1
34165,0
18364,0
37634,0
6860,0
39185,0
23980,0
1542,0
28031,0
33747,0
24253,0
37437,0
7842,0
27085,0
12433,0
43097,1
40557,1
35246,0
35960,0
16129,0
29170,0
15323,0
26410,0
43316,1
1393,0
41267,1
2316,0
40959,1
28491,0
40627,1
7509,0
36086,0
33735,0
29068,0
12372,0
38761,0
41861,1
17099,0
44345,1
21605,0
17146,0
41564,1
840,0
15986,0
29539,0
34081,0
7769,0
44852,1
11616,0
34714,0
4922,0
31052,0
3399,0
29307,0
40449,1
21492,0
31532,0
37457,0
39751,0
31436,0
3088,0
15723,0
16172,0
29456,0
805,0
35605,0
13528,0
5413,0
4639,0
24973,0
33139,0
9965,0
29780,0
32261,0
40318,1
25167,0
23426,0
6939,0
16131,0
17051,0
14742,0
18646,0
29673,0
15346,1
45649,1
20511,0
44897,1
45479,1
16436,0
15386,0
43034,1
9194,0
26522,0
27806,0
8489,0
44974,1
15011,0
6802,0
24325,0
5567,0
3035,0
3718,0
22691,0
31216,0
35236,0
2589,0
25566,0
10271,0
35972,0
2944,0
34906,0
17798,0
30542,0
21080,0
4191,0
41310,1
40604,1
31459,0
27221,0
32076,0
43322,1
29865,0
42542,1
2819,0
32885,0
29779,0
12567,0
28954,0
5364,0
7525,0
4080,0
39196,0
35941,0
21870,0
5991,1
9586,0
33033,0
36209,0
38062,0
43598,1
24636,0
18417,0
40597,1
11570,0
40501,1
17466,0
21763,0
17841,0
35754,0
11746,0
19367,0
45829,1
13327,0
14835,0
2980,0
12149,0
32107,0
13874,0
26505,0
4484,0
38488,0
17367,0
34090,0
1076,0
29037,0
25295,0
36963,0
24862,0
9230,0
30404,0
34002,0
24399,0
4601,0
36392,0
41991,1
7850,0
42199,1
36340,0
8057,0
41569,1
7240,0
41676,1
35791,0
36629,0
34896,0
35154,0
3426,0
35198,0
43907,1
2272,0
35319,0
23715,0
30531,0
15259,0
23459,0
18201,0
258,0
29731,0
11335,0
42761,1
29720,0
6068,1
39265,0
37180,0
28759,0
27686,0
27646,0
17130,0
22341,0
10571,0
31941,0
2371,0
21118,0
11069,0
34838,0
20425,0
36291,0
2510,0
9189,0
19823,0
45167,1
37181,0
24696,0
1584,0
44150,1
39177,0
10533,0
686,0
11024,0
34898,0
33204,0
14491,0
16057,0
28295,1
790,0
43532,1
39804,0
10237,0
6976,0
39121,0
27357,0
7651,0
33380,0
11525,0
7831,0
28901,0
37267,0
4405,0
29930,0
33233,0
25142,0
32208,0
5612,0
28036,0
24551,0
32357,0
31696,0
23494,0
14492,0
19061,0
20712,0
1741,0
31982,0
1422,0
25793,0
29701,0
33986,0
26682,0
18692,0
35476,0
18379,0
28513,0
39310,0
32447,0
14730,0
16031,0
5141,0
30754,0
20882,0
36674,0
31003,0
37795,0
8580,0
17042,0
8905,0
33180,0
26219,0
37152,0
35324,0
38102,0
31829,0
8278,0
4537,0
24618,0
15176,0
29520,0
39020,0
18228,0
32231,0
8467,0
6545,1
35684,0
10323,0
33713,0
26199,0
30933,0
20095,0
26860,0
17707,0
21055,0
36310,0
42101,1
26588,0
28728,0
9503,0
43154,1
44578,1
1871,0
21770,0
34959,0
33466,0
32070,0
42372,1
5226,0
39039,0
41883,1
37703,0
5043,0
29839,0
39264,0
19166,0
13467,0
11262,0
23090,0
14818,0
28719,0
27069,0
29462,0
41334,1
20325,0
32962,0
32493,0
20235,0
45567,1
33778,0
1238,0
5209,0
9871,0
1318,0
22753,0
1362,0
2268,0
970,0
39387,0
34769,0
11891,0
40097,1
7006,0
37199,0
20431,0
9707,0
38548,0
31173,0
15645,0
7584,0
7897,0
1714,0
43290,1
13868,0
6653,1
1348,0
23195,0
4950,0
28581,0
41651,1
37781,0
9890,0
44251,1
37071,0
13855,0
42806,1
714,0
24725,0
30789,0
1151,0
21157,0
3932,0
29830,0
2490,0
42616,1
14198,0
45673,1
6790,0
9106,0
41330,1
11726,0
25877,0
3979,0
63,0
35115,0
10883,0
44915,1
23430,0
31853,0
3523,0
31793,0
2884,0
20485,0
25282,0
15670,0
12796,0
34243,0
40069,0
31904,0
45532,1
1246,0
29898,0
18913,0
20477,0
33766,0
1724,0
6981,0
40537,1
45796,1
39030,0
38625,0
18380,0
28868,0
27564,0
38831,0
33286,0
16672,0
1320,0
1164,0
37060,0
23751,0
44989,1
2596,0
5999,1
20244,0
21177,0
38366,0
18405,0
22670,0
703,0
20728,0
10781,0
14019,0
13129,0
26206,0
11258,0
21417,0
44775,1
33830,0
16521,0
41545,1
9769,0
40196,1
5812,0
1928,0
754,0
9004,0
10556,0
7406,0
14443,0
29903,0
28407,0
10563,0
23431,0
22866,0
29537,0
13527,0
10069,0
12470,0
36405,0
11144,0
33881,0
36664,0
7122,0
11790,0
32122,0
10439,0
32052,0
39644,0
15679,0
10175,0
31934,0
13621,0
15288,0
18738,0
23124,0
35883,0
32844,0
43883,1
4599,0
21929,0
29792,0
30194,0
23324,0
42909,1
40828,1
41770,1
18628,0
31453,0
25000,0
6239,1
27390,0
20958,0
23015,0
41557,1
19739,0
24734,0
43204,1
28573,0
3164,0
30946,0
32617,0
21185,0
32970,0
34499,0
18121,0
41096,1
21196,0
3445,0
20250,0
17778,0
34140,0
9310,0
10783,0
39970,0
30328,0
41336,1
11010,0
25337,0
1722,0
12974,0
30142,0
11355,0
24628,0
30821,0
35531,0
38540,0
11680,0
30872,0
26889,0
19268,0
40352,1
21474,0
32053,0
1978,0
7251,0
16899,0
42830,1
41666,1
11526,0
291,0
4935,0
2089,0
45564,1
28658,0
12035,0
22918,0
18492,0
24295,0
35003,0
30323,0
8291,0
9304,0
8246,0
11189,0
14982,0
32571,0
43799,1
42438,1
5601,0
36248,0
13167,0
7004,0
41757,1
8571,0
5551,0
3482,0
4630,0
2410,0
20502,0
13693,0
19241,0
22827,0
40234,1
37997,0
21464,0
41479,1
1799,0
15245,0
1617,0
26391,0
4711,0
6443,1
30503,0
17862,0
21640,0
17999,0
5294,0
34137,0
45034,1
4241,0
8104,0
12623,0
13819,0
43555,1
30398,0
11464,0
34878,0
5662,0
37010,0
27471,0
7904,0
33945,0
33150,0
7843,0
37628,0
22540,0
37694,0
10648,0
24572,0
4214,0
21115,0
9360,0
26705,0
159,0
13877,0
12042,0
2957,0
24404,0
16542,0
39389,0
45093,1
1658,0
40617,1
22730,0
7591,0
42514,1
31956,0
4460,0
37903,0
43679,1
31950,0
4617,0
9858,0
33247,0
3288,0
18349,0
29166,0
1636,0
2827,0
45027,1
25621,0
17023,0
19069,0
2796,0
18102,0
1430,0
42219,1
44618,1
27954,0
21965,0
10400,0
36276,0
10739,0
39531,0
23382,0
5799,0
9309,0
9452,0
5629,0
3181,0
6392,1
38056,0
259,0
23998,0
17641,0
747,0
39498,0
7179,0
5293,0
18065,0
19898,0
38870,0
37630,0
19151,0
26384,0
11713,0
41434,1
29735,0
9405,0
24783,0
364,0
43363,1
34961,0
40130,1
20246,0
28152,0
26548,0
10803,0
32639,0
7552,0
33018,0
17224,0
2691,0
32069,0
36635,0
41408,1
466,0
36761,0
14501,0
36825,0
8790,0
41034,1
26845,0
39112,0
15097,0
42575,1
33584,0
42386,1
39257,0
36441,0
33538,0
37780,0
13131,0
30345,0
3925,0
10570,0
42469,1
31611,0
16467,0
35868,0
3803,0
23597,0
8934,0
40506,1
14143,0
41487,1
8163,0
29811,0
12231,0
121,0
28956,0
5994,1
211,0
9051,0
8059,0
15517,0
13008,0
10265,0
27238,0
15015,0
3406,0
5651,0
33133,0
10980,0
18094,0
19314,0
34547,0
18663,0
23166,0
36944,0
8030,0
31085,0
31765,0
19256,0
43880,1
2659,0
44041,1
14745,0
45554,1
17904,0
32648,0
25616,0
41063,1
13571,0
15076,0
29527,0
3519,0
16973,0
23554,0
30018,0
44876,1
10720,0
44985,1
26724,0
34241,0
43940,1
35384,0
32312,0
17808,0
3857,0
8989,0
34283,0
236,0
29643,0
40884,1
29843,0
44531,1
40350,1
32968,0
15618,0
4584,0
27783,0
29574,0
1505,0
698,0
33242,0
43824,1
37400,0
24988,0
25299,0
29568,0
376,0
21011,0
13768,0
40070,0
39610,0
11485,0
17759,0
14946,0
17094,0
22548,0
26820,0
29357,0
21301,0
5776,0
36226,0
44382,1
29213,0
38285,0
18972,0
17499,0
6245,1
10530,0
20394,0
17372,0
27983,0
19197,0
35696,0
19622,0
34445,0
14471,0
38176,0
23373,0
25353,0
20518,0
45881,1
18600,0
4605,0
18540,0
11383,0
26827,0
38304,0
30623,0
38697,0
45409,1
9819,0
36197,0
28324,0
4340,0
4952,0
14130,0
39406,0
43731,1
39838,0
43115,1
29363,0
41607,1
23694,0
32890,0
6647,1
30572,0
39253,0
22030,0
14053,0
24597,0
4838,0
43375,1
6331,1
23492,0
3138,0
25707,0
13930,0
432,0
43292,1
33250,0
36508,0
40810,1
8681,0
45144,1
36928,0
14822,0
31005,0
36386,0
41277,1
39511,0
37788,0
16438,0
20022,0
45598,1
18193,0
882,0
1063,0
23633,0
1274,0
105,0
20350,0
33671,0
25767,0
8063,0
17,0
12811,0
26212,0
15065,0
15684,0
12654,0
17461,0
2883,0
5642,0
39755,0
12425,0
35177,0
12665,0
31349,0
15902,0
4871,0
30184,0
22439,0
18231,0
22052,0
37365,0
10437,0
43445,1
38169,0
25078,0
12907,0
45739,1
39835,0
881,0
27882,0
4884,0
41700,1
21054,0
28311,0
2543,0
11451,0
13405,0
28145,0
1324,0
45802,1
1923,0
21964,0
25421,0
3205,0
33327,0
40280,1
1219,0
33717,0
18781,0
30586,0
32359,0
13280,0
32342,0
28169,0
4474,0
39832,0
20672,0
11035,0
28045,0
20521,0
20152,0
23743,0
22577,0
23330,0
13668,0
9510,0
12997,0
13323,0
8608,0
30457,0
8340,0
15178,0
38345,0
23564,0
7939,0
42556,1
9385,0
23988,0
12585,0
41630,1
38590,0
41580,1
43005,1
4931,0
15190,0
22422,0
30065,0
9763,0
36925,0
8093,0
17533,0
21306,0
13029,0
45417,1
11103,0
16066,0
44868,1
12265,0
27231,0
18793,0
8410,0
11050,0
678,0
35567,0
32383,0
3025,0
17465,0
26891,0
13121,0
45803,1
9178,0
28495,0
24530,0
36158,0
11190,0
41076,1
11799,0
2479,0
36597,0
20411,0
5507,0
36296,0
20370,0
25393,0
3278,0
14144,0
26271,0
4210,0
30299,0
30702,0
24839,0
13009,0
20016,0
38807,0
32467,0
14815,0
8407,0
11218,0
40475,1
10433,0
36076,0
18067,0
11956,0
37110,0
37600,0
1195,0
21851,0
14814,0
39362,0
30492,0
44694,1
17350,0
28600,0
32244,0
10794,0
34732,0
37168,0
16660,0
21268,0
200,0
24718,0
42790,1
16934,0
34970,0
17101,0
35616,0
9548,0
14691,0
17605,0
37304,0
18466,0
1111,0
45214,1
13497,0
4004,0
30306,0
44467,1
30441,0
45684,1
14630,0
32814,0
39457,0
8533,0
41374,1
38321,0
1093,0
41257,1
13866,0
3487,0
20733,0
18034,0
14363,0
40413,1
39608,0
39569,0
9234,0
16888,0
33513,0
17405,0
19624,0
32482,0
32412,0
2498,0
49,0
39058,0
30385,0
12498,0
43717,1
29284,0
21934,0
25823,0
16772,0
23211,0
13715,0
5882,0
8081,0
23177,0
103,0
38117,0
39646,0
10511,0
39730,0
43820,1
44883,1
27558,0
5989,1
40168,1
351,0
41657,1
12986,0
10053,0
25752,0
44358,1
36709,0
25022,0
36140,0
1196,0
32680,0
27457,0
28436,0
41542,1
2059,0
39132,0
13039,0
6050,1
21322,0
45750,1
13308,0
25881,0
38762,0
14717,0
7418,0
30524,0
39474,0
4848,0
36348,0
27076,0
44392,1
5746,0
21743,0
43435,1
23953,0
28159,0
12605,0
13447,0
2293,0
38817,0
19108,0
43638,1
32134,0
9555,0
32579,0
35952,0
39051,0
18340,0
7413,0
23441,0
25165,0
18138,0
33273,0
1793,0
14497,0
37558,0
39758,0
19487,0
12693,0
19374,0
26047,0
30039,0
26672,0
13246,0
44795,1
31480,0
42912,1
16747,0
18381,0
28095,0
839,0
18918,0
688,0
13257,0
45170,1
41340,1
11321,0
2068,0
15230,0
42282,1
44242,1
35962,0
7080,1
30138,0
15687,0
963,0
102,0
5066,0
484,0
34792,0
43691,1
9093,0
2577,0
42650,1
3409,0
8334,0
28824,0
41373,1
36588,0
13565,0
20941,0
24580,0
6879,0
4740,0
33201,0
1198,0
5068,0
2780,0
6763,0
29834,0
27962,0
10724,0
18506,0
119,0
24407,0
38647,0
6218,1
31834,0
689,0
40679,1
15483,0
27240,0
37036,0
30809,0
42040,1
36836,0
16187,0
20253,0
8640,0
22083,0
13336,0
34337,0
36506,0
12398,0
33653,0
2618,0
3656,0
16127,0
3527,0
12073,0
15580,0
45728,1
39054,0
13394,0
10313,0
6862,0
23608,0
15526,0
5256,0
32309,0
16189,0
5123,0
39268,0
10608,0
23507,0
36014,0
6780,0
37748,0
14712,0
17063,0
20215,0
28287,0
12191,0
38669,0
12588,0
13694,0
22635,0
36028,0
34415,0
42388,1
40044,0
15797,0
9099,0
31799,0
22144,0
45237,1
44074,1
3815,0
380,0
11238,0
40609,1
20812,0
41391,1
35718,0
32944,0
44058,1
34301,0
37275,0
16533,0
8605,0
4043,0
29279,0
3257,0
2110,0
39547,0
17829,0
15256,0
31398,0
9567,0
28748,0
9547,0
14534,0
32334,0
9622,0
7825,0
44997,1
16939,0
35817,0
14048,0
44100,1
8020,0
123,0
5216,0
28570,0
6550,1
11979,0
38808,0
40195,1
15882,0
42468,1
8223,0
3504,0
34463,0
12475,0
19124,0
1786,0
18097,0
20218,0
39740,0
20337,0
24238,0
12583,0
11382,0
23620,0
21010,0
39004,0
23741,0
21737,0
27904,0
5324,0
31733,0
28063,0
10252,0
6659,1
33400,0
18283,0
9729,0
27702,0
31800,0
2839,0
39768,0
22406,0
23488,0
45799,1
41599,1
12773,0
45529,1
13325,0
27466,0
184,0
3530,0
11882,0
36436,0
25483,0
24476,0
21787,0
24161,0
37144,0
11945,0
43728,1
40378,1
44543,1
42332,1
19509,0
24940,0
3623,0
4703,0
40230,1
21810,0
22361,0
19234,0
29581,0
14553,0
39538,0
40945,1
18483,0
16944,0
42531,1
24697,0
9227,0
20077,0
45313,1
41156,1
36424,0
23440,0
23368,0
16667,0
10852,0
16645,0
25876,0
18982,0
24475,0
39586,0
1241,0
24779,0
27462,0
43455,1
38201,0
2502,0
32154,0
34701,0
35107,0
7177,0
23570,0
37040,0
29544,0
14386,0
9095,0
15375,0
24272,0
16559,0
40379,1
39858,0
3228,0
1462,0
11878,0
30450,0
20374,0
36394,0
21414,0
21853,0
9030,0
3990,0
7343,0
14434,0
8126,0
19389,0
42760,1
27000,0
21094,0
10600,0
5913,0
25901,0
36449,0
42995,1
3742,0
36594,0
18244,0
42772,1
26683,0
45105,1
23549,0
22117,0
35589,0
7553,0
32407,0
15302,0
27942,0
36184,0
44428,1
26911,0
5239,0
8933,0
36541,0
816,0
16861,0
8450,0
35667,0
34855,0
6929,0
37138,0
40928,1
14852,0
9740,0
7022,0
21159,0
34164,0
10106,0
36599,0
17760,0
44798,1
21252,0
27028,0
18849,0
25677,0
4216,0
9978,0
4467,0
36273,0
23246,0
39689,0
22396,0
43038,1
1474,0
20533,0
18190,0
28013,0
41716,1
8713,0
7946,0
33447,0
28408,0
42565,1
8432,0
4981,0
19163,0
44651,1
22336,0
9864,0
17876,0
32192,0
35889,0
19699,0
44752,1
40131,1
11648,0
21503,0
8513,0
39562,0
12540,0
9002,0
42994,1
26277,0
21941,0
12577,0
13884,0
3320,0
23544,0
3373,0
21209,0
28627,0
44029,1
19361,0
38598,0
35697,0
19985,0
23181,0
37399,0
9225,0
37160,0
1534,0
19211,0
12625,0
38936,0
43628,1
44087,1
3083,0
29995,0
13291,0
36045,0
21864,0
19037,0
41314,1
42103,1
40638,1
9717,0
42202,1
22962,0
38442,0
35517,0
34889,0
35292,0
11580,0
5464,0
33478,0
537,0
41227,1
24960,0
4025,0
31481,0
31952,0
21758,0
22867,0
23709,0
3854,0
17561,0
7749,0
45522,1
19450,0
36857,0
9445,0
26738,0
18914,0
1489,0
20356,0
17445,0
34192,0
17616,0
34614,0
27651,0
30121,0
36955,0
2348,0
38092,0
28602,0
30408,0
16232,0
32423,0
17253,0
16757,0
20619,0
22995,0
2874,0
20090,0
22525,0
6719,0
6938,0
21198,0
802,0
38539,0
35008,0
20050,0
81,0
22675,0
22738,0
4127,0
39294,0
2877,0
16549,0
24646,0
14306,0
45897,0
26719,0
45380,1
44097,1
30701,0
15186,0
31656,0
43562,1
5697,0
14996,0
1734,0
18301,0
7578,0
6711,0
4509,0
22082,0
5554,0
5166,0
12240,0
41080,1
13834,0
35648,0
31414,0
14955,0
8759,0
23402,0
8590,0
473,0
15860,0
17202,0
251,0
23550,0
37431,0
27674,0
45256,1
24921,0
6213,1
13150,0
7804,1
45590,1
33718,0
35291,0
14587,0
42508,1
24069,0
27045,0
28247,0
14530,0
37161,0
10163,0
21932,0
1939,0
24983,0
17677,0
6405,1
20510,0
7193,0
6266,1
3086,0
8848,0
19122,0
11188,0
18884,0
22678,0
24328,0
16319,0
29956,0
3643,0
18500,0
31239,0
2986,0
23895,0
11718,0
43059,1
24143,0
3694,0
13481,0
1486,0
29827,0
13865,0
20711,0
44488,1
2846,0
9992,0
24511,1
15945,0
42601,1
14576,0
32492,0
40215,1
40923,1
20301,0
33911,0
5376,0
34039,0
45734,1
40324,1
39128,0
29487,0
44417,1
14292,0
24899,0
16593,0
24077,0
25714,0
16992,0
8549,0
38150,0
30153,0
11750,0
1470,0
6840,0
13762,0
22929,0
44001,1
28002,0
33864,0
27548,0
15572,0
36931,0
1952,0
13794,0
8344,0
34250,0
39214,0
23238,0
431,0
16491,0
22460,0
827,0
295,0
19164,0
5020,0
4455,0
12526,0
28735,0
16797,0
35740,0
25574,0
12541,0
19430,0
9610,0
39713,0
25229,0
15145,0
7210,0
20655,0
30402,0
31404,0
35258,0
38768,0
11492,0
30079,0
31708,0
27001,0
24711,0
27217,0
11181,0
24179,0
13717,0
44493,1
20755,0
10396,0
31894,0
24603,0
25402,0
35811,0
5320,0
42336,1
15776,0
43107,1
7099,0
22699,0
12697,0
16615,0
36839,0
39754,0
13302,0
26659,0
1094,0
27329,0
22440,0
40834,1
4892,0
21782,0
9991,0
29789,0
23732,0
4696,0
38280,0
13139,0
32626,0
6530,1
2956,0
5846,0
13846,0
4849,0
23987,0
38715,0
744,0
7267,0
20532,0
19112,0
36883,0
9779,0
5786,0
13075,0
25031,0
5769,0
11264,0
41015,1
1969,0
23183,0
45652,1
16163,0
17250,0
33601,0
23464,0
120,0
9098,0
11432,0
15829,0
17358,0
5735,0
17132,0
23320,0
32285,0
37767,0
18732,0
11143,0
18558,0
41771,1
478,0
9036,0
43664,1
25925,0
45619,1
43581,1
19534,0
12564,0
4869,0
33199,0
13643,0
26363,0
16273,0
8795,0
29716,0
37773,0
8324,0
20871,0
40135,1
11753,0
18652,0
40842,1
18993,0
16027,0
39093,0
13154,0
14061,0
40899,1
29744,0
18481,0
38613,0
15447,0
41496,1
26613,0
30512,0
28755,0
4213,0
30648,0
23212,0
19339,0
25965,0
22390,0
32824,0
35404,0
39618,0
39447,0
23214,0
6623,1
4660,0
26162,0
44891,1
787,0
11105,0
25173,0
35936,0
14538,0
5824,0
16842,0
23892,0
33117,0
1691,0
36277,0
22943,0
6144,1
1974,0
12923,0
36851,0
34635,0
21165,0
11532,0
24677,0
1495,0
38688,1
1973,0
17493,0
16816,0
20579,0
37264,0
29243,0
33254,0
32855,0
1023,0
30256,0
40660,1
19320,0
18077,0
20443,0
24833,0
36446,0
4235,0
11317,0
10109,0
20378,0
12122,0
37965,0
24883,0
25358,0
25531,0
10672,0
21105,0
22184,0
10290,0
25585,0
27435,0
9384,0
1468,0
7757,0
23132,0
3323,0
29512,0
22205,0
39477,0
11340,0
15878,1
11803,0
40431,1
10653,0
7237,0
5899,0
42098,1
6887,0
33887,0
45891,0
3198,0
37114,0
9999,0
10824,0
2115,0
428,0
14739,0
32575,0
39763,0
19978,0
7811,0
12175,0
9777,0
45861,1
32768,0
35433,0
29322,0
377,0
21179,0
33077,0
3634,0
14079,0
37281,0
40818,1
16323,0
1433,0
5688,0
10233,0
44282,1
30538,0
9224,0
11527,0
44129,1
35676,0
8573,0
17643,0
2025,0
7838,0
40793,1
31900,0
26850,0
34918,0
396,0
39957,0
8686,0
12313,0
32733,0
27903,0
19687,0
34767,0
5487,0
16609,0
40695,1
11087,0
10445,0
33619,0
40415,1
30863,0
13987,0
5395,0
18601,0
20483,0
36260,0
4251,0
44093,1
3847,0
27512,0
38109,0
2009,0
42976,1
162,0
23164,0
367,0
6949,0
31417,0
22442,0
11789,0
6755,0
7914,0
301,0
13040,0
2904,0
31128,0
21580,0
43140,1
34253,0
1140,0
20994,0
10765,0
29796,0
36485,0
42962,1
41733,1
28341,0
34239,0
39634,0
39436,0
16683,0
24559,0
28556,0
32501,0
17054,0
1590,0
11992,0
35896,0
16363,0
381,0
39191,0
40052,0
25831,0
25296,0
4095,0
22047,0
32206,0
42636,1
5606,0
9988,0
22582,0
18854,0
41078,1
7037,0
45701,1
23971,0
10096,0
22975,0
3105,0
28417,0
6839,0
29290,0
23316,0
3305,0
12899,0
26517,0
12250,0
982,0
44110,1
40773,1
1811,0
1309,0
23437,0
2353,0
22143,0
1415,0
30498,0
25619,0
35568,0
26442,0
992,0
7859,0
39987,0
33674,0
28446,0
4053,0
1169,0
12937,0
26293,0
8862,0
31152,0
23289,0
3491,0
101,0
7869,0
7597,0
43073,1
36996,0
44693,1
23502,0
4536,0
15057,0
8908,0
9793,0
18118,0
3359,0
35100,0
41934,1
24990,0
38208,0
12608,0
27531,0
28758,0
43768,1
40394,1
14631,0
32691,0
34815,0
29747,0
23893,0
22400,0
8348,0
40564,1
11033,0
5283,0
38352,0
45507,1
27776,0
15519,0
45484,1
38913,0
43355,1
29356,0
17952,0
4391,0
42752,1
34749,0
38923,0
25095,0
17170,0
20584,0
38427,0
40359,1
23848,0
36553,0
33013,0
20914,0
45687,1
18830,0
3447,0
41988,1
31075,0
14314,0
37511,0
28444,0
25318,0
6319,1
17034,0
39845,0
11325,0
31079,0
34012,0
12566,0
21175,0
12616,0
39625,0
6080,1
23603,0
33453,0
16881,0
31425,0
39971,0
19266,0
11944,0
35797,0
44481,1
12083,0
4888,0
27242,0
17809,0
1256,0
18727,0
41682,1
41515,1
8228,0
34191,0
44572,1
1280,0
11543,0
33891,0
27396,0
15791,0
33042,0
23577,0
33503,0
29255,0
43675,1
2265,0
31578,0
8621,0
25589,0
25622,0
16500,0
4015,0
41102,1
18165,0
28030,0
24376,0
38191,0
10482,0
9593,0
41111,1
42787,1
19954,0
43377,1
26842,0
1981,0
5942,0
36169,0
12390,0
32247,0
23331,0
10257,0
25308,0
10442,0
4953,0
19957,0
12962,0
32534,0
39683,0
14652,0
21497,0
18176,0
27713,0
33144,0
620,0
15786,0
6414,1
16276,0
25673,0
8216,0
20052,0
20946,0
18758,0
28912,0
22970,0
29374,0
35984,0
45186,1
26879,0
15046,0
14056,0
6254,1
16685,0
5616,0
5802,0
3823,0
18171,0
15633,0
24679,0
41025,1
38013,0
28845,0
36951,0
10702,0
36551,1
41261,1
30525,0
10744,0
13452,0
36403,0
34023,0
16298,0
20781,0
30078,0
35763,0
22183,0
5778,0
44890,1
1006,0
45067,1
45766,1
45121,1
13156,0
12783,0
30692,0
33246,0
9092,0
40990,1
26807,0
27127,0
44563,1
12065,0
36409,0
35783,0
16442,0
40913,1
27629,0
41476,1
17959,0
28949,0
31969,0
17294,0
31976,0
990,0
37067,0
40794,1
21909,0
29220,0
27320,0
37142,0
8382,0
61,0
26453,0
28296,0
28984,0
30007,0
40696,1
40226,1
14773,0
9165,0
4018,0
11806,0
17226,0
9776,0
34470,0
37537,0
8356,0
23088,0
20126,0
11595,0
9620,0
34423,0
43554,1
10251,0
13514,0
42343,1
14636,0
39065,0
4218,0
37895,0
19783,0
2304,0
9015,0
21636,0
25712,0
15642,0
3642,0
21275,0
28777,0
28638,0
17995,0
10336,0
2603,0
12155,0
41166,1
20227,0
40351,1
39854,0
36501,0
12853,0
30784,0
26180,0
6793,0
21942,0
7755,0
22634,0
23764,0
22904,0
23282,0
2244,0
43251,1
14897,0
38418,0
36433,0
7622,0
2636,0
39574,0
17429,0
42039,1
24744,0
38389,0
15419,0
7987,0
34648,0
8993,0
44158,1
13311,0
5494,0
3998,0
33235,0
22557,0
8313,0
5542,0
42573,1
22044,0
39224,0
25495,0
84,0
2525,0
584,0
12618,0
29509,0
38698,0
4722,0
12743,0
36634,0
34146,0
11687,0
20404,0
35437,0
10365,0
35587,0
29497,0
37906,0
16251,0
6051,1
6327,1
17240,0
36269,0
25026,0
38030,0
12057,0
44259,1
38804,0
18805,0
26441,0
4690,0
28807,0
12920,0
8560,0
9552,0
15408,0
33618,0
30243,0
15892,0
31050,0
23145,1
37001,0
40419,1
18229,0
4513,0
9714,0
31200,1
11942,0
826,0
45124,1
27116,0
37949,0
7819,0
28829,0
24670,0
7926,0
6777,0
20638,0
22727,0
31392,0
14519,0
7846,0
4136,0
33069,0
25719,0
2651,0
45618,1
366,0
31287,0
18188,0
736,0
44196,1
15503,0
8520,0
30785,0
14586,0
45176,1
6856,0
37924,0
45359,1
30246,0
45852,1
31711,0
25207,0
3401,0
13695,0
15787,0
28482,0
41094,1
17457,0
14683,0
19376,0
44182,1
42449,1
21024,0
19939,0
9294,0
2560,0
39453,0
32396,0
14518,0
25945,0
43067,1
20708,0
34868,0
14781,0
25691,0
35926,0
5191,0
10082,0
40471,1
35919,0
44016,1
43522,1
13939,0
22437,0
22998,0
29612,0
28099,0
43906,1
45118,1
36937,0
11810,0
8893,0
25723,0
12942,0
9857,0
38765,0
582,0
40924,1
11925,0
9494,0
3928,0
41051,1
36753,0
18180,0
44986,1
7935,0
43449,1
34897,0
4221,0
1552,0
44374,1
42323,1
17508,0
24217,0
4141,0
32011,0
21416,0
34386,0
40976,1
11966,0
22646,0
26430,0
5109,0
26652,0
29891,0
34332,0
40572,1
16401,0
27488,0
14629,0
32273,0
24695,0
38786,0
30678,0
556,0
14142,0
14394,0
43616,1
16599,0
4223,0
17344,0
26565,0
17152,0
16441,0
35737,0
45400,1
13912,0
15374,0
4778,0
11358,0
37200,0
12330,0
25705,0
15680,0
12814,0
2171,0
5414,0
15248,0
44152,1
7235,0
10385,0
7067,1
4242,0
25572,0
29698,0
24340,0
41037,1
16313,0
2109,0
37310,0
1840,0
40241,1
34226,0
19876,0
31215,0
25468,0
3855,0
18940,0
37414,0
17164,0
18388,0
35668,0
4628,0
22088,0
7482,0
42658,1
31594,0
23870,0
20034,0
23898,0
33854,0
45361,1
4681,0
21808,0
37757,0
10943,0
45405,1
14329,0
11043,0
1881,0
40222,1
41921,1
7727,0
39908,0
43650,1
30201,0
43894,1
24876,0
22452,0
28781,0
3811,0
9891,0
8952,0
9573,0
38685,0
33519,0
38607,0
40444,1
25647,0
27078,0
37768,0
11261,0
37750,0
22432,0
2434,0
40509,1
40665,1
16148,0
10358,0
22788,0
14771,0
8517,0
7644,0
22032,0
9549,0
31851,0
24443,0
17985,0
4649,0
39791,0
17822,0
38729,0
18408,0
1027,0
35285,0
6460,1
33156,0
39238,0
5868,0
29772,0
36927,0
39441,0
2230,0
32526,0
44469,1
18454,0
14303,0
19974,0
38159,0
7602,0
17720,0
27528,0
20873,0
13770,0
24669,0
31747,0
36527,0
107,0
30411,0
8153,0
29825,0
3072,0
19916,0
8690,0
12125,0
16221,0
15866,0
21750,0
20787,0
33823,0
5263,0
23352,0
23245,0
11528,0
33446,0
11117,0
39244,0
17939,0
11598,0
529,0
21644,0
18920,0
42426,1
39122,0
44851,1
21304,0
12646,0
13536,0
36082,0
17049,0
9833,0
16338,0
32818,0
6584,1
25731,0
44138,1
8428,0
45325,1
42369,1
772,0
14949,0
26480,0
27561,0
27317,0
21483,0
19822,0
6288,1
1482,0
41897,1
16246,0
36708,0
17259,0
28189,0
43729,1
34905,0
36913,0
2818,0
26103,0
44337,1
7931,0
28915,0
9669,0
20233,0
4390,0
39857,0
29048,0
19925,0
35529,0
23427,0
34149,0
30880,0
16819,0
22087,0
34541,0
27084,0
22206,0
8710,0
17947,0
32408,0
19309,0
19895,0
30426,0
45172,1
3631,0
32500,0
41342,1
20880,0
21087,0
35709,0
32119,0
21727,0
33502,0
43185,1
22775,0
19470,0
14120,0
19461,0
38549,0
39738,0
45181,1
40024,0
39232,0
7079,1
393,0
34428,0
5399,0
23969,0
27534,0
17145,0
16918,0
14339,0
28268,0
38962,0
45180,1
22193,0
24578,0
37946,0
7145,0
32954,0
5783,0
33861,0
40673,1
32512,0
12123,0
43203,1
32430,0
34741,0
23555,0
19791,0
9244,0
7101,0
42184,1
23141,0
17377,0
24543,0
14956,0
4468,0
9644,0
2072,0
43396,1
20516,0
18627,0
9187,0
10366,0
36614,0
12234,0
29097,0
18419,0
40547,1
39585,0
27542,0
35408,0
20797,0
8915,0
6159,1
3443,0
44534,1
13281,0
36060,0
10532,0
12392,0
38325,0
32932,0
9897,0
11498,0
1707,0
29093,0
27464,0
20455,0
36696,0
44316,1
39658,0
12606,0
37205,0
10858,0
33433,0
34913,0
45425,1
4797,0
31599,0
11590,0
33112,0
41154,1
10126,0
20059,0
2590,0
22092,0
43285,1
6639,1
20390,0
9319,0
33210,0
27284,0
40545,1
4743,0
33686,0
36311,0
2612,0
21625,0
42923,1
21084,0
6501,1
21735,0
19745,0
40684,1
3595,0
21974,0
36888,0
41611,1
27739,0
6337,1
21049,0
23390,0
35959,0
43318,1
3268,0
17432,0
42192,1
10601,0
29868,0
24835,0
862,0
40100,1
8575,0
28566,0
14042,0
1229,0
10081,0
36352,0
14845,0
37607,0
28891,0
35300,0
39827,0
497,0
15891,0
29192,0
1122,0
40441,1
15317,0
39673,0
6318,1
11817,0
12996,0
39288,0
43666,1
7202,0
18760,0
4721,0
34943,0
44833,1
23532,0
15926,0
12612,0
16367,0
37243,0
209,0
16234,0
26883,0
34610,0
34581,0
44283,1
28626,0
35790,0
6781,0
11557,0
20161,0
26460,0
542,0
15973,0
4839,0
17374,0
30283,0
2,0
35460,0
36829,0
17670,0
24331,0
4354,0
25363,0
27131,0
23790,0
9118,0
24022,0
21710,0
11585,0
38353,0
43456,1
44189,1
19639,0
5931,0
23066,0
13998,0
6675,1
15889,0
9149,0
19578,0
45189,1
15843,0
2369,0
26133,0
32194,0
17459,0
27428,0
38095,0
18332,0
16422,0
25852,0
25009,0
20525,0
16336,0
38470,0
1446,0
30453,0
8567,0
34888,0
7321,0
45382,1
38289,0
40307,1
29239,0
40458,1
41178,1
14959,0
19275,0
24629,0
40269,1
32605,0
2483,0
5258,0
31487,0
32431,0
38246,0
14930,0
8406,0
14657,0
15455,0
5604,0
964,0
38025,0
32103,0
3965,0
16972,0
14721,0
15498,0
44120,1
42677,1
32516,0
37742,0
20373,0
16227,0
25896,0
18765,0
23297,0
41941,1
17110,0
4270,0
639,0
23451,0
3902,0
13929,0
43850,1
2742,0
4947,0
40845,1
7491,0
27750,0
9115,0
17983,0
29986,0
15472,0
37244,0
3829,0
14382,0
18289,0
26362,0
7459,0
29978,0
23153,0
2241,0
32697,0
16325,0
29848,0
6265,1
13674,0
5509,0
17766,0
44710,1
27119,0
26288,0
41665,1
24843,0
37305,0
15035,0
41935,1
19258,0
29183,0
22977,0
11146,0
41326,1
17700,0
30370,0
32124,0
17727,0
32211,0
20739,0
30804,0
14423,0
17148,0
12350,0
24327,0
26273,0
22311,0
43946,1
9373,0
16576,0
5932,0
18998,0
1627,0
22978,0
5709,0
44465,1
39843,0
32354,0
27133,0
41652,1
34968,0
8298,0
10353,0
44140,1
12216,0
42670,1
757,0
38906,0
19167,0
20450,0
7142,0
22443,0
21109,0
25529,0
44496,1
14784,0
43684,1
31225,0
9961,0
22741,0
1017,0
8086,0
8745,0
37785,0
22482,0
15171,0
3760,0
6581,1
6756,0
44967,1
31320,0
30881,0
13696,0
27310,0
4793,0
24714,0
20381,0
7303,0
13526,0
28810,0
27174,0
31864,0
39154,0
45770,1
23466,0
17704,0
24259,0
17217,0
39543,0
42881,1
23932,0
20155,0
5481,0
7320,0
14782,0
33035,0
35090,0
8134,0
21231,0
9250,0
9271,0
36924,0
15157,0
12643,0
8114,0
13230,0
36522,0
37648,0
37129,0
14271,0
5424,0
42089,1
18045,0
22872,0
9910,0
7308,0
35634,0
39210,0
35935,0
16551,0
4807,0
10193,0
29286,0
17256,0
33402,0
31944,0
27645,0
16054,0
7885,0
44605,1
23516,0
12802,0
9102,0
6095,1
2456,0
32555,0
11294,0
7665,0
31513,0
39733,0
20754,0
39055,0
14025,0
13247,0
38385,0
34297,0
3388,0
25892,0
8267,0
39705,0
28425,0
9595,0
17234,0
29256,0
26196,0
29410,0
33220,0
13387,0
39245,0
14528,0
39556,0
28501,0
1756,0
34772,0
21041,0
28587,0
30273,0
35151,0
18468,0
25592,0
45616,1
17640,0
25397,0
7718,0
30862,0
10283,0
26681,0
10496,0
14320,0
38076,0
13681,0
12724,0
21972,0
35158,0
5132,0
35136,0
11403,0
22948,0
37554,0
43869,1
31346,0
16789,0
20565,0
15014,0
9635,0
15940,0
15919,0
43630,1
5354,0
4224,0
38388,0
21075,0
37568,0
16903,0
41797,1
18743,0
35101,0
14611,0
2062,0
2056,0
3714,0
37918,0
21657,0
15207,0
22812,0
25172,0
28877,0
36389,0
11601,0
10021,0
12237,0
21330,0
11723,0
21288,0
42087,1
6299,1
64,0
20061,0
21991,0
7194,0
14297,0
31987,0
662,0
11047,0
8995,0
29159,0
20151,0
35506,0
38877,0
5876,0
39792,0
13896,0
24260,0
274,0
4885,0
17331,0
12727,0
14744,0
30781,0
32509,0
10663,0
13977,0
38512,0
21424,0
17073,0
24225,0
42152,1
13358,0
38132,0
45880,1
34650,0
6324,1
45706,1
2191,0
31310,0
29091,0
30166,0
37183,0
43467,1
18416,0
10753,0
15653,0
42189,1
11272,0
32380,0
29504,0
16949,0
21436,0
19683,0
35002,0
6838,0
28334,0
17085,0
16010,0
40552,1
5619,0
40486,1
40233,1
26186,0
5160,0
28274,1
5690,0
34495,0
36361,0
39285,0
10826,0
25996,0
3513,0
34086,0
5373,0
11664,0
7883,0
1631,0
15713,0
11063,0
23800,0
31814,0
474,0
346,0
7983,0
20426,0
13771,0
32398,0
45858,1
15127,0
22277,0
10727,0
38713,0
37135,0
40740,1
37749,0
20980,0
41659,1
23655,0
9983,0
43424,1
21651,0
39444,0
7085,1
29603,0
25465,0
37933,0
1388,0
14664,0
34278,0
28475,0
9174,0
2118,0
7305,0
19357,0
40091,1
8791,0
11,0
5633,0
38737,0
2942,0
30624,0
30790,0
22237,0
24410,0
15220,0
38181,0
40784,1
31364,0
33783,0
39890,0
24932,0
946,0
8668,0
4706,0
11838,0
31297,0
39222,0
20785,0
34061,0
19177,0
42984,1
8191,0
24760,0
9256,0
32745,0
26574,0
27041,0
34636,0
2411,0
8120,0
16155,0
28714,0
7603,0
936,0
19097,0
7519,0
12361,0
45816,1
22076,0
36605,0
22951,0
34357,0
11720,0
17998,0
29981,0
23574,0
8203,0
13786,0
44424,1
38529,0
39155,0
24166,0
30250,0
32240,0
8391,0
3144,0
1713,0
21967,0
28292,0
17970,0
22512,0
10155,0
21937,0
32003,0
11440,0
34138,0
10746,0
35729,0
43469,1
18838,0
30419,0
4072,0
11863,0
17990,0
18006,0
20203,0
26723,0
28114,0
28871,0
11670,0
33451,0
9023,0
1570,0
10776,0
6515,1
33012,0
43968,1
31701,0
1924,0
14775,0
24076,0
41528,1
40484,1
43325,1
40214,1
32446,0
16036,0
30504,0
24438,0
28554,0
40246,1
43465,1
27107,0
29503,0
23649,0
44026,1
34274,0
43479,1
1276,0
12883,0
38116,0
22886,0
40518,1
5782,0
24925,0
14024,0
41493,1
21590,0
27494,0
37360,0
5145,0
13902,0
32388,0
40505,1
9136,0
44050,1
12157,0
25938,0
26885,0
21613,0
36032,0
25128,0
10146,0
41447,1
37967,0
43964,1
20788,0
38125,0
25783,0
44436,1
16863,0
11805,0
22245,0
19082,0
22370,0
43506,1
27679,0
45263,1
44311,1
41125,0
13935,0
42140,1
25122,0
4900,0
27301,0
45273,1
18645,0
42639,1
8008,0
40045,0
37497,0
13162,0
29702,0
13889,0
31596,0
28708,0
28016,0
147,0
2722,0
16102,0
44592,1
38271,0
4671,0
44872,1
9214,0
10565,0
9613,0
41133,1
15574,0
14597,0
12568,0
5400,0
23230,0
27003,0
15255,0
43566,1
30418,0
34133,0
12558,0
31567,0
32485,0
29712,0
23475,0
12825,0
26262,0
39279,0
29430,0
4038,0
31585,0
17747,0
21093,0
21284,0
22569,0
38895,0
34072,0
2151,0
39522,0
14817,1
31810,0
33684,0
25798,0
21379,0
38828,0
30791,0
39367,0
6603,1
23411,0
32128,0
8237,0
10946,0
11904,0
20300,0
22349,0
2458,0
14514,0
19279,0
14114,0
20832,0
34486,0
25848,0
23985,0
18713,0
36122,0
40080,1
17068,0
2296,0
12443,0
3489,0
11489,0
3971,0
24240,0
18925,0
6868,0
27982,0
25069,1
34945,0
45310,1
42534,1
43470,1
6345,1
19113,0
42853,1
1370,0
32760,0
43601,1
16357,0
39473,0
37943,0
1285,0
27963,0
14724,0
38290,0
40528,1
34509,0
240,0
16391,0
41809,1
19522,0
8453,0
38210,0
27712,0
16688,0
25286,0
16631,0
2124,0
3973,0
22316,0
20377,0
41276,1
38656,0
40003,0
252,0
41642,1
32113,0
22473,0
27572,0
4232,0
12872,0
41527,1
5203,0
38836,0
31479,0
10579,0
19489,0
26140,0
43042,1
45270,1
24633,0
22005,0
37406,0
36222,0
35671,0
31475,0
21948,0
29055,0
38563,0
33963,0
1719,0
35061,0
305,0
38454,0
3700,0
15768,0
39931,0
33243,0
4118,0
41672,1
25575,0
32889,0
2386,0
15628,0
29801,0
26967,0
28826,0
9296,0
15464,0
28346,0
4595,0
26869,0
25850,0
42749,1
44622,1
29122,0
3981,0
28266,0
42729,1
26183,0
44228,1
11129,0
34284,0
22348,0
35381,0
34519,0
27680,0
24933,0
27533,0
44224,1
9574,0
33348,0
24300,0
24239,0
25530,0
9325,0
4257,0
8776,0
30099,0
37892,0
18310,0
38736,0
16084,0
28087,0
1965,0
25332,0
19720,0
15792,0
12009,0
12223,0
28285,0
9939,0
32390,0
19217,0
41821,1
4419,0
6955,0
34856,0
28241,0
39520,0
21731,0
9166,0
14091,0
21265,0
42149,1
33492,0
20066,0
24886,1
24717,0
3479,0
24673,0
45004,1
10477,0
7754,0
17869,0
9300,0
38023,0
18276,0
37502,0
25392,0
8369,0
35194,0
20410,0
28709,0
37039,0
3236,0
19074,0
38927,0
523,0
8131,0
22283,0
29394,0
30440,0
19757,0
33126,0
13747,0
30351,0
17889,0
15445,0
16755,0
23098,0
13817,0
20478,0
27853,0
36420,0
13655,0
3191,0
37328,0
13112,0
35254,0
23266,0
27514,0
12669,0
683,0
18464,0
12118,0
44886,1
4937,0
18689,0
35756,0
4090,0
6114,1
44688,1
21445,0
45516,1
11226,0
6430,1
45001,1
34699,0
16309,0
27220,0
38274,0
28109,0
34511,0
1223,0
17318,0
15267,0
30950,0
26068,0
4761,0
29601,0
2477,0
20322,0
35772,0
6164,1
24308,0
3238,0
42750,1
37988,0
14796,0
19840,0
14913,0
38722,0
9421,0
9104,0
38437,0
23482,0
36958,0
34183,0
21564,0
6116,1
26694,0
23931,0
17233,0
38387,0
29883,0
23312,0
9517,0
27212,0
9406,0
91,0
32729,0
18701,0
30927,0
37416,0
27612,0
31985,0
32228,0
3318,0
11635,0
6455,1
43198,1
43169,1
30670,0
23359,0
8925,0
2814,0
27250,0
4653,0
21816,0
22164,0
3568,0
42271,1
30835,0
43502,1
42191,1
15502,0
25472,0
26963,0
7422,0
6321,1
20633,0
43096,1
26573,0
40867,1
26614,0
12829,0
8744,0
42603,1
6367,1
7507,0
24051,0
24808,0
44594,1
4879,0
23053,0
28360,0
28879,0
2027,0
44888,1
30958,0
31884,0
21637,0
38892,0
31930,0
35155,0
35933,0
10992,0
36179,0
2965,0
31125,0
33780,0
13299,0
44075,1
19915,0
4939,0
39247,0
21500,0
27194,0
8454,0
4741,0
11419,0
45808,1
10259,0
32248,0
14284,0
31973,0
8749,0
38550,0
40213,1
7689,0
182,0
43844,1
28676,0
22529,0
33794,0
11185,0
39540,0
27539,0
23920,0
36431,0
33905,0
511,0
31842,0
402,0
24262,0
43048,1
33602,0
45017,1
14887,0
16456,0
13726,0
573,0
1960,0
3429,0
14300,0
42535,1
21046,0
23302,0
33800,0
21834,0
29389,0
11394,0
29619,0
19492,0
38700,0
19055,0
8631,0
16143,0
42640,1
3490,0
37659,0
23562,0
26419,0
35907,0
2180,0
35663,0
19536,0
1814,0
42368,1
22825,0
20591,0
19795,0
20863,0
14529,0
11253,0
28009,0
23733,0
808,0
7909,0
22061,0
6073,1
10853,0
12431,0
31649,0
27286,0
20710,0
31844,0
19247,0
30180,0
32290,0
43569,1
33101,0
16506,0
35343,0
40797,1
34308,0
31247,0
5998,1
36631,0
37473,0
3929,0
8002,0
14205,0
44581,1
9480,0
21740,0
22739,0
5869,0
28290,0
33652,0
4153,0
6171,1
37518,0
35345,0
4325,0
36294,0
13515,0
15704,0
10523,0
8501,0
38752,0
6672,1
32233,0
8717,0
38585,0
45348,1
12284,0
7430,0
41450,1
17765,0
2361,0
38196,0
4610,0
30875,0
6365,1
17211,0
16856,0
18811,0
16794,0
31265,0
4830,0
17955,0
40944,1
2496,0
36972,0
28350,0
34630,0
25052,0
1083,0
38024,0
9049,0
36567,0
27422,0
35466,0
17149,0
13575,0
24791,0
10317,0
3139,0
16342,0
32331,0
32978,0
32524,0
24470,0
40459,1
11207,0
40223,1
15536,0
45470,1
41707,1
2287,0
23992,0
38663,0
40704,1
26893,0
37313,0
32845,0
17418,0
29271,0
6768,0
5694,0
1652,0
3816,0
44777,1
38012,0
16372,0
29206,1
33906,0
9710,0
40399,1
28517,0
1099,0
31910,0
7649,0
272,0
26344,0
42356,1
36734,0
25918,0
7024,0
5872,0
4069,0
4059,0
36526,0
290,0
12565,0
43414,1
31264,0
10483,0
28328,0
41671,1
35232,0
1360,0
14583,0
28032,0
34307,0
7919,0
29557,0
12358,0
1180,0
17639,0
27586,0
30255,0
15001,0
42501,1
19803,0
27705,0
8492,0
37550,0
30523,0
18860,0
6972,0
28423,0
8325,0
23580,0
26647,0
33598,0
38816,0
31723,0
32236,0
15873,0
14770,0
27324,0
6575,1
23497,0
8144,0
23071,0
40968,1
33345,0
12891,0
10183,0
2418,0
29251,0
33869,0
3810,0
23684,0
6816,0
6670,1
35140,0
9241,0
19025,0
33245,0
6660,1
28439,0
39301,0
43304,1
4640,0
41992,1
5585,0
6101,1
12849,0
4083,0
1642,0
3757,0
18197,0
7903,0
31325,0
13005,0
21202,0
42864,1
44940,1
45495,1
13730,0
19126,0
41924,1
8147,0
8966,0
2793,0
38422,0
23160,0
39461,0
39879,0
20148,0
18643,0
27467,0
10621,0
19918,0
3566,0
4029,0
7058,1
8820,0
31362,0
42667,1
29360,0
15174,0
16149,0
30179,0
25915,0
6016,1
38357,0
16981,0
44454,1
21237,0
16050,0
36067,0
45898,0
30515,0
43945,1
2578,0
24199,0
23611,0
20041,0
37415,0
1259,0
40565,1
39628,0
18212,0
14309,0
36009,0
29538,0
712,0
10381,0
29857,0
17797,0
31147,0
16669,0
6532,1
10554,0
44670,1
1357,0
11256,0
32529,0
2685,0
5550,0
24346,0
42845,1
26758,0
24504,0
22842,0
39944,0
31028,0
4458,0
22742,0
29615,0
39061,0
42194,1
11521,0
2720,0
13629,0
12510,0
44699,1
16674,0
17355,0
4992,0
1910,0
33256,0
12574,0
23864,0
37228,0
28683,0
7599,0
29942,0
34211,0
7400,0
4982,0
22939,0
37604,0
19575,0
39817,0
12054,0
37494,0
45132,1
32916,0
7942,0
28878,0
29649,0
18033,0
41461,1
21173,0
15388,0
42414,1
34392,0
45646,1
14990,0
2661,0
9633,0
9370,0
39672,0
9074,0
25546,0
40935,1
42339,1
6311,1
33742,0
11994,0
42291,1
17203,0
42283,1
929,0
16594,0
18640,0
31181,0
314,0
2665,0
40105,1
43580,1
21571,0
31311,0
2753,0
28656,0
21098,0
39551,0
17032,0
38060,0
33381,0
11842,0
24743,0
15227,0
34882,1
17906,0
37786,0
14438,0
5638,0
41808,1
3659,0
30501,0
32815,0
34583,0
43409,1
33596,0
8303,0
2838,0
42499,1
9423,0
45695,1
4573,0
21665,0
13296,0
35810,0
18374,0
28843,0
5276,0
18217,0
31104,0
14905,0
6554,1
19848,0
18435,0
19451,0
571,0
37299,0
35834,0
3858,0
41719,1
12180,0
33514,0
5928,0
3831,0
8015,0
14673,0
13623,0
26000,0
4979,0
29650,0
33860,0
28742,0
38306,0
43899,1
32004,0
22799,0
31684,0
28530,0
25959,0
4260,0
33223,0
13901,0
21302,0
33939,0
24860,1
7466,0
7175,0
13875,0
16728,0
34631,0
19053,0
43521,1
35423,0
29690,0
5573,0
24463,0
4239,0
29149,0
4244,0
6548,1
20778,0
45545,1
8054,0
33401,0
32631,0
19432,0
26374,0
32110,0
34816,0
2394,0
36102,0
15336,0
35456,0
45769,1
45857,1
1709,0
38211,0
30699,0
16655,0
42516,1
12003,0
44267,1
20437,0
31523,0
2568,0
14016,0
19710,0
9940,0
13309,0
45381,1
11700,0
6412,1
26349,0
29974,0
38893,0
31679,0
3468,0
1918,0
31847,0
13792,0
7522,0
38546,0
35372,0
1108,0
40303,1
45615,1
29935,0
2236,0
8656,0
18272,0
26515,0
7752,0
13961,0
29672,0
37966,0
25825,0
32029,0
35760,0
4114,0
4627,0
31368,0
35223,0
16106,0
40758,1
23584,0
14295,0
11512,0
32363,0
36862,0
30514,0
3735,0
528,0
22359,0
379,0
6625,1
30333,0
44261,1
24094,0
22773,0
27180,0
4364,0
5026,0
12165,0
43078,1
2897,0
9312,0
28165,0
43054,1
33633,0
20129,0
16301,0
34354,0
39927,0
21325,0
43451,1
6721,0
41186,1
2504,0
39964,0
28249,0
15869,0
25814,0
27830,0
24121,0
24230,0
18924,0
43809,1
14041,0
5386,0
7346,0
20868,0
18422,0
42441,1
41810,1
23882,0
27321,0
5660,0
22153,0
29670,0
5444,0
34684,0
30496,0
11988,0
37080,0
10470,0
43835,1
16975,0
24971,0
23869,0
5275,0
25612,0
27852,0
19396,0
10973,0
7381,0
1429,0
13455,0
38223,0
1461,0
36332,0
33944,0
17512,0
32453,0
40290,1
10169,0
43687,1
22597,0
27757,0
23456,0
5403,0
8896,0
34924,0
37271,0
9103,0
25688,0
12817,0
3274,0
44672,1
32563,0
6066,1
14670,0
41753,1
34842,0
41790,1
33137,0
4699,0
24795,0
19838,0
13118,0
25360,0
15216,0
11019,0
14809,0
43341,1
27075,0
15749,0
20560,0
22274,0
11085,0
40320,1
33884,0
10070,0
2687,0
38949,0
21944,0
3371,0
40422,1
45551,1
28631,0
27298,0
1244,0
13600,0
23318,0
16718,0
19116,0
15364,0
6563,1
14217,0
11581,0
9638,0
16800,0
8464,0
44504,1
31921,0
27258,0
34682,0
28383,0
26540,0
41084,1
43753,1
8826,0
43725,1
35004,0
17546,0
39687,0
45376,1
7457,0
39803,0
16387,0
6853,0
17932,0
19626,0
26451,0
7576,0
4770,0
21855,0
39997,0
36030,0
26982,0
10749,0
33593,0
38559,0
27339,0
27306,0
35675,0
34303,0
31832,0
43834,1
9954,0
37367,0
24393,0
36416,0
24894,0
6834,0
26148,0
7688,0
12423,0
8155,0
17620,0
362,0
18178,0
35699,0
43760,1
12915,0
12254,0
9711,0
42687,1
887,0
27282,0
43475,1
16474,0
26086,0
26447,0
1410,0
9148,0
11996,0
34042,0
30676,0
11538,0
44902,1
35108,0
6013,1
31535,0
33961,0
6505,1
45906,0
20383,0
21924,0
34013,0
9222,0
34592,0
37130,0
5736,0
31471,0
43561,1
15006,0
28801,0
40115,1
27937,0
43644,1
29960,0
13750,0
25964,0
14516,0
9326,0
29699,0
31768,0
33297,0
37821,0
24030,0
35812,0
8164,0
33282,0
41087,1
34624,0
36239,0
6115,1
30362,0
8196,0
37800,0
10405,0
8044,0
28486,0
22869,0
5504,0
39087,0
34056,0
24917,0
16213,0
7551,0
11112,0
2028,0
29324,0
28203,0
13682,0
25829,0
11481,0
25247,0
11148,0
45555,1
26002,0
45531,1
39208,0
2552,0
29924,0
42054,1
18950,0
21182,0
17790,0
3769,0
1947,0
34621,0
14399,0
22357,0
30994,0
18885,0
40671,1
38500,0
39437,0
12557,0
34212,0
40918,1
38151,0
31033,0
2153,0
15195,0
6015,1
34826,0
10274,0
34781,0
25672,0
13587,0
9664,0
32967,0
1901,0
18717,0
15811,0
33415,0
16716,0
3077,0
26626,0
10938,0
18995,0
23685,0
35898,0
25537,0
15913,0
2356,0
7971,0
20729,0
21006,0
1653,0
7033,0
40264,1
10457,0
22967,0
33071,0
250,0
18049,0
27981,0
37476,0
35882,0
13219,0
31400,0
3312,0
32283,0
36066,0
15136,0
228,0
32402,0
28798,0
43767,1
3856,0
42730,1
7046,1
10629,0
9946,0
45423,1
24615,0
45143,1
24040,0
24452,0
3108,0
6689,1
16561,0
17192,0
37456,0
36907,0
6965,0
33439,0
4822,0
18429,0
24218,0
43350,1
10185,0
3570,0
9293,0
11740,0
9862,0
15839,0
39042,0
39032,0
19498,0
45345,1
28172,0
18088,0
12228,0
3466,0
29397,0
14521,0
15923,0
16985,0
20154,0
24625,0
23485,0
30632,0
31115,0
41448,1
18709,0
21720,0
43295,1
30656,0
17167,0
25581,0
30122,0
11968,0
28306,0
27918,0
2889,0
4396,0
20764,0
52,0
40672,1
24739,0
19811,0
19170,0
30996,0
17480,0
12495,0
32971,0
28580,0
15525,0
32024,0
39242,0
9492,0
5476,0
25348,0
22551,0
35069,0
7409,0
23982,0
35247,0
34281,0
15025,0
9295,0
9528,0
20078,0
7374,0
31370,0
40293,1
35120,0
9284,0
24073,0
33791,0
33070,0
35947,0
4795,0
3327,0
7200,0
25180,0
628,0
5497,0
17864,0
35645,0
30811,0
17901,0
34766,0
25103,0
37339,0
18294,0
7054,1
35106,0
14093,0
35026,0
24569,0
12855,0
26784,0
2436,0
26257,0
25212,0
37636,0
10495,0
19063,0
28067,0
44272,1
16048,0
39836,0
36514,0
25631,0
17636,0
12976,0
44668,1
43888,1
18833,0
4424,0
17033,0
44516,1
44788,1
1669,0
7577,0
31605,0
16243,0
39331,0
40000,0
32226,0
15184,0
16815,0
41789,1
14564,0
20613,0
20293,0
17015,0
16851,0
17612,0
33369,0
6447,1
14085,0
8737,0
5539,0
6491,1
44167,1
39472,0
45558,1
18850,0
4002,0
24986,0
31794,0
15582,0
25946,0
29310,0
44348,1
44844,1
22578,0
4945,0
40393,1
20070,0
25676,0
40301,1
5515,0
30468,0
1830,0
17284,0
32093,0
26590,0
15773,0
43072,1
1569,0
6343,1
19636,0
6596,1
26231,0
5649,0
42029,1
18543,0
10266,0
6754,0
26034,0
26469,0
42774,1
1425,0
6207,1
3026,0
24066,0
13545,0
9202,0
40558,1
4886,0
39999,0
7687,0
2246,0
39617,0
42963,1
31416,0
19670,0
30546,0
42843,1
12729,0
9522,0
11984,0
16947,0
35211,0
25997,0
15779,0
43013,1
36435,0
34120,0
8483,0
34353,0
22845,0
25640,0
31749,0
36041,0
25536,0
38541,0
3366,0
21751,0
16873,0
32406,0
31056,0
21155,0
23660,0
4506,0
35344,0
14539,0
34144,0
37018,0
7539,0
7717,0
39945,0
13759,0
19891,0
8275,0
12517,0
12763,0
506,0
30311,0
31426,0
6538,1
15877,0
44975,1
758,0
24689,0
21123,0
33983,0
11672,0
32472,0
41598,1
42956,1
27135,0
17155,0
26532,0
36132,0
146,0
8570,0
18900,0
16884,0
16610,0
20083,0
11168,0
2091,0
38519,0
31999,0
17273,0
11106,0
2991,0
3800,0
38236,0
3201,0
39438,0
22908,0
31635,0
4179,0
6093,1
45499,1
16270,0
44645,1
10094,0
14268,0
25342,0
17905,0
36793,0
43243,1
17801,0
25828,0
24038,0
18787,0
32489,0
13646,0
18382,0
27483,0
22552,0
45133,1
30558,0
10454,0
9479,0
7587,0
35264,0
12366,0
22434,0
30540,0
4174,0
42064,1
31109,0
29273,0
3301,0
36491,0
34096,0
11814,0
10355,0
39736,0
35989,0
3242,0
1757,0
9170,0
11582,0
3652,0
4011,0
20084,0
42838,1
9351,0
7367,0
34618,0
34279,0
36665,0
4246,0
33824,0
34411,0
29126,0
7414,0
23739,0
33614,0
45304,1
37317,0
40907,1
28453,0
15838,0
9381,0
36739,0
43100,1
4345,0
999,0
26452,0
14239,0
30478,0
29351,0
2440,0
38439,0
43574,1
18684,0
39320,0
11320,0
10406,0
42812,1
33378,0
16082,0
30469,0
22057,0
36043,0
15778,0
45851,1
1087,0
28788,0
43573,1
39949,0
7107,0
24458,0
19775,0
20201,0
10354,0
28900,0
32683,0
9324,0
34187,0
42489,1
42554,1
33534,0
19613,0
9444,0
40369,1
17710,0
37203,0
16745,0
13061,0
42068,1
19350,0
8887,0
13703,0
39152,0
28403,0
2759,0
7410,0
2074,0
30671,0
40504,1
32527,0
18687,0
9917,0
24298,0
34168,0
9796,0
25206,0
22182,0
375,0
14009,0
24082,0
32556,0
30613,0
8162,0
37661,0
33065,0
16858,0
34733,0
5249,0
31413,0
39460,0
35024,0
44959,1
39433,0
19287,0
36108,0
29110,0
24355,0
41688,1
33855,0
19516,0
26104,0
13095,0
24601,0
27371,0
28800,0
44252,1
43068,1
5024,0
14862,0
37769,0
30340,0
5207,0
15809,0
25958,0
34263,0
11166,0
32693,0
35639,0
34080,0
31945,0
19417,0
13341,0
32375,0
24847,0
22317,0
15520,0
40357,1
3289,0
24688,0
39136,0
20610,0
39117,0
12253,0
44431,1
43283,1
40567,1
29182,0
40074,0
45206,1
6979,0
12044,0
27767,0
22808,0
18605,0
5147,0
12036,0
19400,0
10473,0
23536,0
34578,0
29501,0
21340,0
27094,0
24319,0
15324,0
31979,0
6980,0
3624,0
6168,1
26117,0
18487,0
10116,0
10516,0
7127,0
42250,1
20352,0
31837,0
13187,0
23585,0
35683,0
10603,0
6209,1
33755,0
559,0
33978,0
10564,0
41762,1
44737,1
35607,0
42545,1
42996,1
36125,0
23967,0
33627,0
6707,0
44919,1
41884,1
21762,0
39315,0
40830,1
27615,0
34737,0
9382,0
12880,0
40593,1
2228,0
20663,0
13386,0
16989,0
15685,0
19730,0
11155,0
17092,0
14765,0
11287,0
41522,1
28462,0
30164,0
31078,0
18938,0
15119,0
3833,0
5850,0
24255,0
17662,0
42701,1
4545,0
2100,0
27038,0
9673,0
39028,0
31094,0
25989,0
10991,0
13619,0
6751,0
44005,1
45519,1
6134,1
24873,0
18742,0
28086,0
18994,0
5081,0
37914,0
28729,0
4041,0
2280,0
44451,1
11099,0
16730,0
8403,0
24293,0
5075,0
24432,0
43632,1
42582,1
1149,0
8204,0
26716,0
18559,0
28320,0
43158,1
25438,0
27340,0
32804,0
12984,0
38937,0
16666,0
574,0
19677,0
36650,0
7738,0
20299,0
7860,0
19313,0
16056,0
34381,0
40516,1
22128,0
29689,0
11053,0
23256,0
17775,0
24122,0
32476,0
33561,0
41980,1
3733,0
27851,0
33648,0
27484,0
5285,0
1754,0
19518,0
41806,1
26582,0
32039,0
38855,0
31092,0
20144,0
18845,0
16494,0
11177,0
40035,0
16713,0
32243,0
15591,0
40955,1
26686,0
26215,0
11433,0
31246,0
23767,0
24773,0
36852,0
21885,0
10688,0
4182,0
41472,1
11555,0
44503,1
1160,0
29063,0
30067,0
39862,0
5906,0
6652,1
13454,0
9758,0
2067,0
14267,0
7461,0
17225,0
13310,0
36952,0
3438,0
36064,0
3983,0
38735,0
15561,0
13633,0
39709,0
41577,1
42275,1
35689,0
6966,0
33862,0
24027,0
17713,0
35296,0
5811,0
6478,1
18175,0
14979,0
33522,0
44652,1
39597,0
9357,0
8496,0
10172,0
15452,0
27090,0
24131,0
29022,0
31670,0
30559,0
37665,0
5923,0
7609,0
44190,1
26243,0
23565,0
23610,0
35195,0
35342,0
22657,0
15907,0
43256,1
26763,0
21462,0
22809,0
32883,0
4291,0
15504,0
45605,1
15134,0
19300,0
12682,0
31112,0
12094,0
36193,0
21570,0
7182,0
22136,0
42091,1
2237,0
44383,1
24912,0
40643,1
32009,0
23617,0
26498,0
44791,1
23136,0
13670,0
19442,0
30117,0
38638,0
10625,0
18220,0
21012,0
37829,0
27039,0
34811,0
37234,0
27893,0
45232,1
38933,0
36727,0
23149,0
25519,0
41465,1
1493,0
24897,0
11795,0
629,0
35767,0
15830,0
44972,1
5246,0
3683,0
23248,0
23095,0
3969,0
44643,1
28316,0
6522,1
15369,0
21188,0
4445,0
18801,0
14882,0
24105,0
16990,0
31746,0
9580,0
34608,0
37533,0
38331,0
29105,0
45953,0
19588,0
4548,0
38336,0
32663,0
26371,0
6008,1
31729,0
36622,0
23120,0
6063,1
26463,0
18669,0
10246,0
2531,0
40979,1
5041,0
20937,0
28217,0
19678,0
24662,0
20652,0
15999,0
34818,0
36401,0
28549,0
18040,0
15458,0
30916,0
2885,0
37894,0
1231,0
24256,0
18694,0
26321,0
44139,1
11603,0
8938,0
34850,0
254,0
23299,0
31519,0
14656,0
14568,0
26603,0
45626,1
35493,0
19355,0
14953,0
18573,1
22481,0
21266,0
4368,0
18641,0
37740,0
13304,0
16701,1
37707,0
7633,0
20340,0
20951,0
5363,0
37122,0
16814,0
9478,0
3423,0
8963,0
22702,0
412,0
32741,0
41538,1
5000,0
41163,1
45033,1
1210,0
16397,0
39735,0
21902,0
34155,0
43421,1
6722,0
43791,1
40295,1
36185,0
8627,0
18928,0
18336,0
30859,0
18069,0
28298,0
4683,0
10960,0
25721,0
4417,0
23414,0
31789,0
38405,0
38747,0
22765,0
18778,0
15088,0
13532,0
6792,0
1804,0
35845,0
1641,0
31759,0
3324,0
23678,0
44523,1
28206,0
34033,0
10362,0
40107,1
41417,1
45527,1
26008,0
20032,0
22688,0
9816,0
33925,0
44432,1
5643,0
39851,0
5860,0
15262,0
35167,0
2643,0
36220,0
1774,0
41945,1
4393,0
9471,0
35146,0
18657,0
36687,0
11457,0
41811,1
8263,0
28687,0
6810,0
43586,1
41105,1
31135,0
39486,0
26806,0
8525,0
37689,0
45115,1
17997,0
35068,0
20472,0
19705,0
40049,0
10860,0
8704,0
1139,0
36044,0
9987,0
30449,0
15124,0
12576,0
33579,0
19828,0
24009,0
12135,0
28783,0
11228,0
35421,0
25338,0
25715,0
1037,0
26607,0
9770,0
33275,0
24869,0
10807,0
4106,0
39650,0
45387,1
15589,0
9513,0
43590,1
37491,0
19932,0
34242,0
8900,0
39643,0
21931,0
14869,0
8695,0
13796,0
12334,0
15886,0
35412,0
36021,0
6421,1
42889,1
17902,0
9009,0
27591,0
587,0
43755,1
16715,0
77,0
26675,0
33283,0
10329,0
23628,0
21429,0
33311,0
40325,1
21257,0
41926,1
21504,0
15894,0
39452,0
28514,0
37098,0
2003,0
3347,0
9263,0
37353,0
435,0
38042,0
20940,0
418,0
25115,0
33890,0
45810,1
20628,0
39979,0
26591,0
20861,0
39019,0
6841,0
38183,0
11314,0
44377,1
29302,0
24858,0
27214,0
11154,0
41021,1
21408,0
37739,0
43718,1
2239,0
31334,0
43529,1
35240,0
41947,1
43526,1
45410,1
43116,1
30908,0
15493,0
3336,0
29173,0
26901,0
3918,0
34709,0
33336,0
45740,1
41854,1
31456,0
19418,0
11055,0
45630,1
8552,0
33437,0
44118,1
5064,0
40790,1
7387,0
9196,0
10738,0
5485,0
9806,0
22216,0
30207,0
20618,0
18213,0
6350,1
30038,0
24515,0
41588,1
28059,0
14523,0
13590,0
28825,0
1126,0
9375,0
39075,0
42629,1
18832,0
44404,1
37730,0
32613,0
44497,1
9920,0
11404,0
39325,0
12086,0
31712,0
23029,0
16636,0
20629,0
2026,0
42360,1
32508,0
36942,0
25291,0
2851,0
26852,0
13822,0
31539,0
16169,0
11859,0
24702,0
229,0
16581,0
3901,0
16786,0
5157,0
15677,0
26633,0
30414,0
21618,0
1784,0
16351,0
6052,1
29664,0
12930,0
1855,0
9531,0
34326,0
34489,0
38525,0
32576,0
14589,0
562,0
14334,0
45145,1
42555,1
10725,0
45791,1
33851,0
43147,1
23279,0
20891,0
11667,0
26404,0
9599,0
22586,0
27487,0
3719,0
26547,0
4775,0
6065,1
31161,0
22556,0
35204,0
36098,0
37687,0
20486,0
26539,0
18205,0
13100,0
18079,0
26013,0
41819,1
44408,1
36764,0
35787,0
25804,0
3129,0
43811,1
32857,0
353,0
30904,0
5451,0
4480,0
2378,0
5589,0
1596,0
21326,0
29593,0
23543,0
28896,0
27524,0
9835,0
5266,0
34154,0
40017,0
18817,0
9908,0
41149,1
28431,0
44953,1
27751,0
45219,1
1578,0
22641,0
23154,0
15712,0
37541,0
10060,0
45239,1
8215,0
3128,0
12104,0
28640,0
11041,0
19201,0
5656,0
6551,1
35555,0
27855,0
15931,0
45889,0
31629,0
13675,0
41028,1
16958,0
30220,0
44866,1
33406,0
6758,0
6637,1
22724,0
32067,0
7505,0
2055,0
33669,0
15335,0
1629,0
21684,0
35622,0
43485,1
30056,0
17826,0
36163,0
18219,0
45151,1
19729,0
98,0
40900,1
26768,0
2030,0
23428,0
19768,0
3502,0
35453,0
11861,0
31258,0
33374,0
12273,0
3450,0
43794,1
6671,1
12490,0
17758,0
12091,0
33268,0
18985,0
45179,1
7729,0
35867,0
16498,0
2193,0
15275,0
34260,0
2172,0
12522,0
14007,0
19180,0
13251,0
8360,0
40114,1
12895,0
30500,0
13071,0
45211,1
10747,0
22033,0
31857,0
33529,1
40446,1
36400,0
21691,0
21995,0
24147,0
43174,1
23264,0
31766,0
9303,0
24902,0
44090,1
21501,0
4400,0
24246,0
36396,0
25209,0
6954,0
12751,0
22451,0
42817,1
23517,0
26316,0
11009,0
3174,0
38880,0
31891,0
22122,0
319,0
5792,0
11014,0
30432,0
43516,1
7800,0
16235,0
32300,0
27788,0
41068,1
39500,0
23828,0
36695,0
26325,0
4788,0
4128,0
43342,1
11201,0
14190,0
8889,0
20501,0
19483,0
38794,0
6761,0
1700,0
23540,0
38632,0
30281,0
43393,1
15380,0
5926,0
33003,0
16224,0
23513,0
5533,0
5987,1
17390,0
30140,0
25077,0
38213,0
37047,0
26554,0
28428,0
31699,0
36215,0
37231,0
13186,0
242,0
16184,0
23043,0
6589,1
33571,0
44583,1
9869,0
21062,0
14875,0
14172,0
44810,1
40426,1
26152,0
28599,0
12109,0
12808,0
42048,1
15595,0
41737,1
39366,0
20801,0
1182,0
39669,0
19836,0
37608,1
9597,0
7065,1
43219,1
31951,0
2737,0
22223,0
331,0
27734,0
38991,0
32596,0
17193,0
18881,0
10545,0
33814,0
45826,1
43614,1
13172,0
11983,0
7929,0
36970,0
32572,0
16322,0
15802,0
14387,0
29514,0
24150,0
20091,0
22029,0
41944,1
45494,1
41966,1
15763,0
40260,1
594,0
45025,1
27451,0
26835,0
13541,0
6628,1
30322,0
34998,0
43282,1
45095,1
18482,0
1473,0
20539,0
25396,0
7041,1
42396,1
9120,0
12143,0
18032,0
39989,0
29922,0
23278,0
3321,0
17414,0
22471,0
31242,0
15692,0
26482,0
28991,0
44021,1
9458,0
26213,0
22376,0
21351,0
44425,1
32999,0
1442,0
17006,0
9171,0
41228,1
6043,1
39938,0
9328,0
14141,0
9741,0
29630,0
321,0
37112,0
17244,0
20769,0
40929,1
44746,1
12221,0
11613,0
1268,0
40161,1
41440,1
18172,0
31057,0
31606,0
27047,0
12678,0
6791,0
23355,0
41246,1
18562,0
34458,0
7183,0
44756,1
16071,0
39924,0
18733,0
23755,0
39445,0
16790,0
14148,0
14975,0
34802,0
3859,0
36703,0
1317,0
39573,0
16725,0
20328,0
3562,0
14532,0
39319,0
20659,0
37314,0
19990,0
90,0
33637,0
22920,0
6995,0
10881,0
12298,0
42108,1
4976,0
9568,0
24666,0
39980,0
27897,0
33795,0
12534,0
1104,0
34390,0
7271,0
5685,0
45450,1
45938,0
34776,0
7945,0
761,0
7420,0
18961,0
34375,0
34954,0
721,0
44143,1
9505,0
17539,0
10542,0
5921,0
35418,0
9032,0
36145,0
3744,0
18951,0
29160,0
1883,0
40755,1
29851,0
40603,1
6495,1
22897,0
24202,0
27761,0
2144,0
33752,0
37340,0
35516,0
38010,0
21502,0
34659,0
14663,0
21542,0
8142,0
41117,1
35032,0
21366,0
8173,0
29703,0
45195,1
4034,0
32182,0
27141,0
36975,0
38292,0
19977,0
8794,0
37318,0
2141,0
30107,0
25154,0
37709,0
7432,0
35786,0
33088,0
8855,0
8351,0
43484,1
32008,0
15818,0
29127,0
2514,0
2555,0
273,0
21031,0
5530,0
17877,0
24460,0
30584,0
42384,1
39947,0
37782,0
9308,0
25074,0
4402,0
2344,0
6857,0
12258,0
29261,0
43757,1
957,0
1561,0
42874,1
44987,1
27013,0
37428,0
48,0
8065,0
30183,0
30685,0
35123,0
23099,0
18099,0
37584,0
13752,0
25942,0
37775,0
37077,0
12756,0
24710,0
7786,0
42363,1
1892,0
43512,1
12677,0
6922,0
31757,0
19299,0
29979,0
36651,0
4398,0
28288,0
38347,0
44319,1
33934,0
4661,0
21574,0
41705,1
28642,0
45213,1
37560,0
8762,0
44627,1
36751,0
39679,0
32880,0
30518,0
20993,0
34401,0
44780,1
26597,0
29046,0
20667,0
29199,0
3302,0
9040,0
27663,0
15003,0
29378,0
17768,0
547,0
31143,0
34798,0
10449,0
33300,0
44160,1
5370,0
4199,0
25810,0
9123,0
30605,0
194,0
13914,0
38756,0
28828,0
1201,0
38755,0
23887,0
45255,1
12281,0
1708,0
22350,0
6092,1
30510,0
7225,0
30446,0
22171,0
39950,0
42539,1
2688,0
18308,0
12316,0
32026,0
16767,0
4399,0
29194,0
13086,0
11328,0
2574,0
34047,0
24141,0
30962,0
22305,0
20214,0
1616,0
37245,0
29296,0
7658,0
23028,0
6477,1
32341,0
10305,0
20753,0
33589,0
27143,0
142,0
35924,0
9588,0
27744,0
33320,0
8868,0
34646,0
20248,0
17761,0
13631,0
6569,1
13234,0
41849,1
21400,0
44905,1
1270,0
9693,0
35234,0
1190,0
9316,0
25917,0
25015,0
4086,0
27706,0
25645,0
25963,0
8013,0
41728,1
45689,1
41225,1
26232,0
11586,0
1117,0
22138,0
40154,1
21678,0
12074,0
25885,0
15436,0
22445,0
11428,0
23632,0
6650,1
12555,0
19849,0
25984,0
24701,0
13418,0
8775,0
31526,0
2582,0
7512,0
27617,0
25320,0
12642,0
28951,0
5057,0
16592,0
22379,0
30629,0
5707,0
9686,0
32405,0
7203,0
12310,0
14678,0
28772,0
27397,0
16091,0
4518,0
9496,0
34599,0
39183,0
29929,0
5288,0
35913,0
34831,0
16451,0
39029,0
34318,0
10037,0
20762,0
3249,0
30979,0
34208,0
8659,0
30941,0
36404,0
3528,0
39258,0
471,0
6277,1
25610,0
5054,0
23682,0
10678,0
43099,1
22610,0
14255,0
21119,0
5963,0
29569,0
26854,0
39034,0
44371,1
43027,1
28930,0
41756,1
27672,0
32279,0
3441,0
21729,0
45500,1
36250,0
19737,0
11397,0
6147,1
39917,0
19707,0
16879,0
41131,1
37044,0
41224,1
14675,0
811,0
9794,0
42447,1
25930,0
24415,0
35298,0
42162,1
41263,1
3159,0
30721,0
8034,0
14711,0
10221,0
36120,0
7702,0
3689,0
25760,0
34325,0
10418,0
11032,0
35082,0
3663,0
26937,0
42849,1
3684,0
29726,0
15039,0
34655,0
22807,0
40421,1
9226,0
6894,0
11685,0
32832,0
35993,0
1657,0
39178,0
36287,0
30669,0
36018,0
8256,0
30367,0
12852,0
32777,0
11544,0
12367,0
15363,0
23728,1
730,0
7634,0
41531,1
28888,0
30664,0
27888,0
30129,0
1060,0
4466,0
1436,0
43133,1
11884,0
14727,0
41987,1
25507,0
7215,0
11856,0
8113,0
24406,0
6718,0
43416,1
25668,0
1945,0
41637,1
21170,0
8863,0
24198,0
45305,1
6088,1
18916,0
45832,1
1453,0
419,0
27263,0
37987,0
33708,0
40494,1
17919,0
3577,0
25740,0
11999,0
32165,0
22322,0
5966,0
39199,0
29992,0
8421,0
5772,0
38344,0
39712,0
13191,0
6641,1
3262,0
5063,0
6058,1
3774,0
5086,0
19225,0
23001,0
23621,0
44689,1
27080,0
45753,1
35455,0
39807,0
24492,0
8463,0
10732,0
19717,0
14181,0
43853,1
1404,0
33826,0
2534,0
150,0
24420,0
38400,0
23787,0
18696,0
4171,0
24655,0
24832,0
25739,0
8053,0
29085,0
6391,1
42056,1
235,0
12706,0
5637,0
37204,0
11405,0
31537,0
15289,0
22403,0
26656,0
7900,0
3270,0
1781,0
28271,0
41674,1
30762,0
16942,0
9506,0
10253,0
7728,0
32647,0
8434,0
34454,0
37879,0
20496,0
19183,0
866,0
3529,0
13769,0
41859,1
4825,0
26294,0
44961,1
39202,0
3899,0
42916,1
21976,0
13006,0
25513,0
42463,1
37294,0
15857,0
39332,0
19701,0
18542,0
6806,0
22888,0
23910,0
17787,0
27369,0
25950,0
6519,1
6,0
32700,0
36355,0
16286,0
21985,0
42122,1
33595,0
25437,0
9007,0
30394,0
2494,0
33067,0
38088,0
29209,0
28414,0
6921,0
38571,0
15664,0
13904,0
23048,0
2767,0
40144,1
15304,0
9426,0
11712,0
34539,0
32521,0
5641,0
33219,0
34442,0
44181,1
20737,0
21689,0
15568,0
20867,0
39870,0
6930,0
42005,1
11094,0
17014,0
13264,0
23085,0
2161,0
37540,0
9855,0
20408,0
18748,0
109,0
5240,0
5242,0
37159,0
37364,0
24178,0
43167,1
27432,0
45656,1
7481,0
26695,0
3195,0
26038,0
33665,0
9143,0
1986,0
6739,0
3798,0
44734,1
18879,0
18255,0
21207,0
12672,0
32188,0
12095,0
45631,1
23956,0
20683,0
39049,0
19007,0
16663,0
34508,0
19837,0
7573,0
16539,0
18406,0
4327,0
28855,0
41703,1
35074,0
27815,0
23680,0
40851,1
7775,0
29908,0
31931,0
5525,0
2880,0
24104,0
38683,0
32566,0
4511,0
1783,0
16724,0
15365,0
2901,0
37157,0
32553,0
25373,0
13372,0
0,0
35273,0
36300,0
35040,0
36834,0
25485,0
24234,0
11450,0
7178,0
21309,0
20515,0
43347,1
5553,0
30488,0
22652,0
37700,0
672,0
3396,0
37293,0
31,0
13079,0
554,0
6105,1
22034,0
6283,1
26429,0
15577,0
43413,1
29248,0
35515,0
43774,1
15020,0
37087,0
35313,0
12630,0
2235,0
42621,1
29020,0
14494,0
14610,0
33727,0
22253,0
32148,0
19999,0
10278,0
724,0
36611,0
39160,0
25192,0
30694,0
10180,0
25427,0
26553,0
17386,0
15615,0
34564,0
21568,0
44402,1
36334,0
42744,1
38957,0
4068,0
26310,0
1289,0
38998,0
43868,1
18445,0
38360,0
7973,0
6932,0
30154,0
30342,0
11362,0
36216,0
43700,1
6936,0
10537,0
4177,0
12378,0
30938,0
15605,0
15117,0
11011,0
13502,0
26214,0
37481,0
28092,0
13673,0
45358,1
30606,0
41142,1
38788,0
28883,0
15708,0
27958,0
28378,0
43463,1
10080,0
18615,0
28651,0
33832,0
12320,0
43434,1
19845,0
398,0
35348,0
37882,0
10198,0
4381,0
39372,0
36675,0
20551,0
8045,0
38806,0
8220,0
41857,1
7161,0
21038,0
39141,0
30174,0
29977,0
28775,0
15161,0
45704,1
45834,1
27244,0
26813,0
37411,0
30968,0
40439,1
13552,0
34725,0
16803,0
43949,1
24039,0
40476,1
19315,0
26993,0
43361,1
41215,1
13644,0
38995,0
28919,0
14991,0
11152,0
14804,0
17729,0
21020,0
9339,0
14138,0
9078,0
12132,0
43882,1
10828,0
34224,0
15941,0
43830,1
34846,0
20088,0
20223,0
18224,0
30,0
26209,0
517,0
13735,0
34973,0
24168,0
1055,0
41781,1
9684,0
29135,0
39300,0
15691,0
17021,0
34953,0
13509,0
17070,0
8895,0
15842,0
12590,0
35006,0
42373,1
4047,0
17441,0
17000,0
20237,0
36337,0
38818,0
4728,0
5491,0
25410,0
32997,0
24158,0
4289,0
9814,0
26986,0
34656,0
28961,0
22603,0
35225,0
8056,0
24737,0
19133,0
7073,1
26888,0
13746,0
35798,0
36842,0
15279,0
22106,0
5506,0
44933,1
25620,0
20973,0
35262,0
4131,0
33833,0
27724,0
44390,1
1351,0
27530,0
32948,0
30347,0
32343,0
38245,0
39069,0
26876,0
7636,0
6990,0
15418,0
27526,0
37556,0
9675,0
37257,0
4785,0
29932,0
6457,1
41008,1
12151,0
27901,0
36524,0
33238,0
3865,0
42580,1
23572,0
13215,0
9808,0
30874,0
27894,0
30344,0
11290,0
42876,1
6240,1
38547,0
18809,0
38660,0
41453,1
33680,0
21755,0
32990,0
32016,0
30733,0
26114,0
34085,0
44681,1
19826,0
5805,0
27501,0
6131,1
17460,0
34612,0
24498,0
29790,0
43125,1
38081,0
45603,1
28204,0
1622,0
33662,0
25171,0
15867,0
44729,1
30026,0
17368,0
22271,0
9839,0
27193,0
44162,1
1102,0
25954,0
35221,0
27915,0
33705,0
37999,0
42913,1
44038,1
7224,0
24830,0
21591,1
18387,0
22669,0
4791,0
838,0
10643,0
11710,0
35295,0
34724,0
21798,0
14294,0
33475,0
40989,1
22293,0
5777,0
151,0
31228,0
25462,0
7632,0
16960,0
44013,1
37022,0
39138,0
24536,0
25335,0
30214,0
9200,0
27729,0
8843,0
14187,0
43267,1
8200,0
23013,0
21917,0
15165,0
43331,1
6662,1
36571,0
82,0
21791,0
2130,0
13196,0
27567,0
4479,0
1685,0
15611,0
32104,0
13260,0
37753,0
10952,0
28995,0
27188,0
15932,0
45076,1
21904,0
10589,0
12055,0
43482,1
18141,0
15613,0
33935,0
29778,0
3723,0
21476,0
40197,1
33955,0
10480,0
25343,0
21569,0
21201,0
17858,0
4544,0
7147,0
8857,0
39135,0
38115,0
6867,0
27474,0
32807,0
36368,0
6861,0
40167,1
20213,0
20544,0
45565,1
34500,0
33839,0
44768,1
15309,0
33172,0
38772,0
39741,0
937,0
7324,0
40411,1
24280,0
5615,0
5571,0
2599,0
29157,0
24487,0
28710,0
21363,0
20166,0
42261,1
34105,0
32616,0
12586,0
30349,0
41138,1
19351,0
30109,0
7980,0
36343,0
42083,1
20563,0
3886,0
11971,0
16375,0
1107,0
33255,0
9337,0
14110,0
38106,0
17298,0
12854,0
3054,0
36994,0
25724,0
11244,0
12255,0
14121,0
19441,0
5493,0
4249,0
2870,0
5158,0
33543,0
3749,0
7357,0
13107,0
566,0
5822,0
23888,0
27527,0
37035,0
26439,0
21023,0
40117,1
29667,0
9607,0
42409,1
23206,0
11624,0
41470,1
31150,0
24962,0
6428,1
8306,0
5916,0
21680,0
38035,0
25345,0
32775,0
16527,0
38574,0
6323,1
36587,0
3587,0
43992,1
2391,0
8158,0
41593,1
7450,0
21367,0
2213,0
19852,0
25797,0
34372,0
39645,0
6259,1
31521,0
21641,0
40139,1
6102,1
8660,0
14084,0
18091,0
1559,0
43734,1
12100,0
29787,0
22795,0
18673,0
30339,0
6634,1
10822,0
23454,0
12714,0
5972,0
15329,0
17715,0
944,0
21160,0
14768,0
24821,0
378,0
59,0
32799,0
31091,0
41035,1
27625,0
14099,0
4782,0
16916,0
45483,1
36590,0
33111,0
12408,0
21987,0
28812,0
4688,0
4035,0
30337,0
27799,0
1071,0
24464,0
2170,0
33774,0
2634,0
19490,0
12272,0
39648,0
3537,0
21869,0
2905,0
45159,1
43576,1
14594,0
42926,1
40338,1
30465,0
16461,0
28369,0
6142,1
9975,0
24034,0
35620,0
45442,1
17893,0
19746,0
8528,0
17696,0
10312,0
10971,0
22974,0
11780,0
12903,0
39091,0
12749,0
24916,0
26030,0
29408,0
5880,0
22342,0
31492,0
19538,0
4618,0
17180,0
38860,0
25863,0
18656,0
36705,0
17488,0
21180,0
29853,0
27661,0
19907,0
29751,0
3290,0
42538,1
6342,1
33432,0
19226,0
32217,0
24391,0
14900,0
1312,0
40697,1
11784,0
14357,0
8882,0
44318,1
25553,0
12148,0
767,0
14851,0
20719,0
36074,0
23547,0
10597,0
34607,0
13594,0
2317,0
34324,0
21646,0
32457,0
31705,0
23712,0
18896,0
8803,0
42044,1
9966,0
1599,0
20460,0
21086,0
37474,0
24566,0
1176,0
29897,0
6963,0
37684,0
2385,0
45053,1
8746,0
732,0
25283,0
26265,0
14894,0
29191,0
19488,0
14754,0
8122,0
5723,0
8728,0
29102,0
27562,0
29437,0
10141,0
810,0
38434,0
29663,0
39806,0
15149,0
20626,0
42243,1
35457,0
35081,0
19877,0
35072,0
5059,0
40366,1
28057,0
9138,0
20919,0
30957,0
23419,0
14204,0
19260,0
9211,0
30415,0
25889,0
35981,0
8398,0
32796,0
13910,0
34403,0
24815,0
17898,0
17910,0
37970,0
17163,0
20046,0
34886,0
41266,1
17362,0
33734,0
3960,0
45825,1
13248,0
14831,0
19346,0
22226,0
23794,0
30912,0
12275,0
10369,0
39855,0
14495,0
13108,0
1679,0
1651,0
7394,0
36810,0
18475,0
23586,0
15037,0
45281,1
2537,0
10644,0
32972,0
26024,0
16941,0
1344,0
21986,0
24953,0
29955,0
5870,0
45300,1
19305,0
505,0
33356,0
37165,0
631,0
5711,0
22490,0
34050,0
31384,0
3843,0
36684,0
28597,0
22086,0
15825,0
20307,0
25905,0
3316,0
27224,0
18534,0
41655,1
38799,0
19132,0
30598,0
24010,0
8535,0
18906,0
19401,0
34640,0
10263,0
30818,0
35165,0
29116,0
44547,1
29080,0
33638,0
12502,0
1257,0
29694,0
31465,0
6010,1
1711,0
39025,0
37389,0
394,0
32931,0
8236,0
4620,0
28744,0
14001,0
28751,0
26530,0
33404,0
1549,0
9935,0
24383,0
32688,0
832,0
18122,0
10787,0
738,0
23261,0
7227,0
38842,0
28939,0
455,0
14625,0
11486,0
42689,1
42602,1
1178,0
20759,0
40650,1
41714,1
11940,0
35428,0
45083,1
43662,1
40039,0
4857,0
13764,0
24692,0
16653,0
29541,0
32608,0
1395,0
26408,0
42281,1
41378,1
27456,0
12539,0
10760,0
20249,0
35831,0
33827,0
7311,0
10309,0
13558,0
40686,1
44206,1
30233,0
22346,0
38148,0
34841,0
34785,0
25961,0
26179,0
21545,0
35029,0
37483,0
3098,0
16208,0
25834,0
14541,0
41590,1
41972,1
38711,0
44927,1
4593,0
45149,1
2520,0
4792,0
17557,0
5745,0
20074,0
26286,0
24874,0
7801,0
31880,0
11903,0
37315,0
22165,0
32484,0
29108,0
19406,0
6252,1
44461,1
13842,0
31619,0
25434,0
6032,1
28466,0
19577,0
22818,0
13083,0
8498,0
15218,0
41867,1
22015,0
6655,1
24709,0
384,0
44174,1
8184,0
18486,0
11437,0
11550,0
20256,0
25205,0
37451,0
19921,0
32234,0
12071,0
8429,0
23235,0
40814,1
117,0
11200,0
45021,1
8646,0
26158,0
18715,0
44271,1
25070,1
15709,0
36214,0
16665,0
28413,0
10585,0
24668,0
24571,0
10519,0
5807,0
30974,0
4557,0
14641,0
17569,0
10679,0
8270,0
5149,0
8654,0
5303,0
33341,0
19174,0
38838,0
20681,0
28391,0
22103,0
34535,0
1295,0
30115,0
4379,0
29913,0
7052,1
42479,1
38486,0
42971,1
31034,0
27219,0
30522,0
21671,0
37195,0
18236,0
34561,0
34603,0
19946,0
17483,0
19766,0
44918,1
40268,1
40587,1
34657,0
13227,0
34199,0
8474,0
34783,0
19740,0
45907,0
43507,1
8457,0
6170,1
8143,0
42698,1
17102,0
3203,0
8361,0
31809,0
15956,0
41390,1
15008,0
8058,0
2069,0
28162,0
34775,0
30407,0
4707,0
15223,0
2933,0
11804,0
24146,0
40701,1
41211,1
23849,0
37088,0
26072,0
20205,0
2407,0
29362,0
32531,0
1013,0
27927,0
9075,0
10390,0
4084,0
29768,0
11330,0
33928,0
34801,0
12163,0
22671,0
14731,0
5888,0
19621,0
29597,0
11115,0
5204,0
14153,0
16159,0
33701,0
16876,0
30647,0
43941,1
6061,1
19196,0
36858,0
27681,0
32811,0
2223,0
33557,0
4352,0
9846,0
44569,1
33530,0
4550,0
30494,0
20783,0
33706,0
4933,0
27588,0
45330,1
40606,1
27118,0
13821,0
2431,0
692,0
45051,1
9257,0
28256,0
1841,0
39720,0
7673,0
28219,0
42564,1
32891,0
40004,0
13385,0
19331,0
4222,0
39109,0
27622,0
15457,0
16795,0
29762,0
19160,0
8540,0
27738,0
42654,1
7209,0
36866,0
22857,0
39014,0
45437,1
18539,0
39935,0
17799,0
32326,0
36415,0
7361,0
7258,0
24639,0
41772,1
15121,0
25306,0
12340,0
1451,0
19933,0
7494,0
3685,0
8254,0
8240,0
32871,0
3368,0
17492,0
43330,1
14405,0
38739,0
12966,0
795,0
11347,0
38523,0
13054,0
1795,0
23638,0
7191,0
30101,0
40416,1
17375,0
44200,1
18580,0
5566,0
15540,0
20427,0
37981,0
35820,0
10154,0
42792,1
15933,0
40387,1
23079,0
16198,0
37996,0
31281,0
44750,1
17957,0
25279,0
45502,1
36150,0
16516,0
21609,0
33395,0
5214,0
11998,0
41129,1
14885,0
33639,0
33744,0
33326,0
13488,0
10148,0
14740,0
12111,0
36211,0
18223,0
33154,0
24705,0
17669,0
2150,0
42847,1
1483,0
13883,0
42811,1
43857,1
23881,0
3003,0
33123,0
4412,0
35524,0
42502,1
31871,0
8066,0
11858,0
2491,0
16517,0
45582,1
30575,0
32610,0
12985,0
6571,1
43685,1
19853,0
42584,1
9665,0
9713,0
20118,0
19146,0
5259,0
28276,0
34444,0
20634,0
45429,1
4717,0
11124,0
31458,0
35427,0
31080,0
40454,1
32129,0
36745,0
42932,1
40429,1
45326,1
27101,0
31301,0
19601,0
37326,0
40040,0
6369,1
24108,0
26988,0
20015,0
41265,1
24070,0
27303,0
40172,1
33788,0
33681,0
45693,1
33049,0
40985,1
42208,1
7736,0
13706,0
42840,1
37283,0
16153,0
39073,0
16525,0
14219,0
5597,0
39907,0
39454,0
31114,0
11252,0
239,0
45225,1
24778,0
2917,0
2107,0
22463,0
25228,0
32066,0
5362,0
18835,0
2427,0
18608,0
13538,0
1458,0
32463,0
29491,0
3005,0
41998,1
11298,0
32381,0
31390,0
15352,0
7140,0
3753,0
15303,0
4278,0
37850,0
38693,0
23327,0
43559,1
45668,1
43368,1
405,0
14635,0
28853,0
10914,0
25709,0
41912,1
35830,0
34479,0
4525,0
10674,0
21575,0
20220,0
634,0
26577,0
30391,0
13913,0
9921,0
37509,0
34022,0
9723,0
30127,0
10147,0
45819,1
43336,1
14207,0
37207,0
26701,0
9647,0
38970,0
6009,1
22119,0
15750,0
15893,0
5941,0
45443,1
28706,0
15681,0
11066,0
33820,0
30091,0
14071,0
28387,0
43667,1
30027,0
42345,1
18151,0
13050,0
2781,0
32059,0
10188,0
32624,0
43972,1
17734,0
19267,0
38495,0
21061,0
11098,0
41858,1
8504,0
45107,1
8336,0
21485,0
21726,0
14137,0
1157,0
43281,1
29863,0
15411,0
24175,0
22121,0
44808,1
9112,0
1566,0
17509,0
2285,0
5986,1
3246,0
32679,0
5394,0
1843,0
12401,0
26964,0
25330,0
43937,1
3179,0
28964,0
4523,0
10854,0
40546,1
34917,0
5243,0
40356,1
32794,0
1204,0
34729,0
1574,0
21482,0
32835,0
45444,1
45291,1
27541,0
6090,1
42254,1
9305,0
35353,0
22035,0
21047,0
42088,1
4540,0
11271,0
26868,0
18649,0
12029,0
27302,0
10474,0
42334,1
29446,0
6945,0
23563,1
2358,0
16358,0
23243,0
26874,0
41856,1
23569,0
330,0
10520,0
20876,0
32703,0
42415,1
36192,0
43625,1
31073,0
42330,1
8568,0
19928,0
29968,0
39272,0
33354,0
10683,0
28321,0
19649,0
16339,0
20298,0
28666,0
40284,1
28367,0
17861,0
42349,1
1737,0
41662,1
32598,0
8402,0
9364,0
35595,0
37128,0
15449,0
21960,0
9277,0
38720,0
12726,0
25423,0
37520,0
24348,0
25924,0
3584,0
13967,0
30591,0
35227,0
34041,0
20574,0
39967,0
37890,0
6246,1
1398,0
44638,1
3906,0
17960,0
38754,0
4434,0
34176,0
12809,0
24759,0
17162,0
11517,0
20042,0
7798,0
45915,0
9687,0
3678,0
8816,0
10788,0
2019,0
20075,0
26906,0
25072,0
24870,0
33703,0
41353,1
2751,0
5434,0
41679,1
5934,0
40498,1
23592,0
7887,0
40317,1
40470,1
39939,0
38965,0
20110,0
44687,1
43668,1
41064,1
43877,1
18424,0
30860,0
30672,0
22816,0
18761,0
1944,0
21621,0
22883,0
13292,0
35018,0
18022,0
19009,0
39560,0
30977,0
10698,0
1648,0
72,0
29878,0
24145,0
34800,0
29901,0
13117,0
3931,0
17310,0
10977,0
38170,0
4030,0
20682,0
44332,1
37113,0
10780,0
44113,1
8708,0
18952,0
40586,1
22068,0
29326,0
38672,0
7845,0
12338,0
29516,0
22655,0
25763,0
25113,0
28442,0
21393,0
25458,0
40737,1
41758,1
35825,0
23575,0
35512,0
5228,0
10844,0
43430,1
26459,0
37532,0
31306,0
14918,0
44077,1
861,0
31051,0
37927,0
5640,0
10273,0
26168,0
8692,0
40339,1
34440,0
19941,0
23300,0
34757,0
44869,1
11797,0
27657,0
26021,0
22692,0
14967,0
8727,0
42437,1
27208,0
7867,0
21982,0
15300,0
38206,0
18291,0
29684,0
16897,0
9388,0
14920,0
17444,0
2460,0
14146,0
25155,0
30932,0
15439,0
35691,0
28804,0
39726,0
32645,0
6926,0
44635,1
24826,0
38477,0
37393,0
30644,0
36353,0
30176,0
3618,0
19635,0
17625,0
6745,0
35670,0
41458,1
22621,0
32667,0
23990,0
21253,0
42748,1
32961,0
94,0
35735,0
13262,0
12913,0
32376,0
36691,0
4178,0
40875,1
5172,0
39615,0
44238,1
12530,0
41338,1
31328,0
24489,0
15387,0
31241,0
26516,0
27676,0
7473,0
32618,0
23857,0
30844,0
4158,0
37479,0
22398,0
13951,0
23131,0
38466,0
37864,0
19404,0
28038,0
27504,0
17619,0
10535,0
38408,0
24861,0
40908,1
642,0
40953,1
15900,0
9451,0
42541,1
8565,0
9329,0
29078,0
36275,0
17181,0
15928,0
36870,0
45648,1
3416,0
855,0
38687,0
11070,0
19966,0
29618,0
9909,0
33455,0
24540,0
45049,1
44395,1
31791,0
33923,0
30071,0
25400,0
5088,0
9922,0
10906,0
17732,0
1423,0
36199,0
37176,0
32813,0
39187,0
3303,0
25246,0
15958,0
17131,0
31148,0
33893,0
8662,0
34517,0
21336,0
16705,0
39021,0
1769,0
21130,0
18488,0
567,0
2450,0
35739,0
23223,0
29571,0
33251,0
5333,0
34871,0
13499,0
26942,0
8764,0
3912,0
16161,0
35369,0
19747,0
2471,0
24403,0
36364,0
13059,0
38021,0
40709,1
19075,0
12229,0
233,0
79,0
35450,0
12893,0
20017,0
32160,0
16520,0
23940,0
10791,0
24397,0
25894,0
32963,0
31485,0
23816,0
6585,1
16692,0
25446,0
40531,1
12610,0
44973,1
32825,0
306,0
24003,0
3328,0
32191,0
33947,0
10399,0
21488,0
15338,0
5568,0
44864,1
42070,1
2987,0
27403,0
19353,0
36904,0
14158,0
6424,1
19198,0
3250,0
26977,0
8701,0
1292,0
5581,0
8095,0
10540,0
10797,0
22745,0
15053,0
9013,0
45743,1
16932,0
6211,1
18653,0
24265,0
9927,0
38649,0
7206,0
9203,0
36162,0
8178,0
10123,0
27230,0
37139,0
42391,1
13242,0
26493,0
38315,0
24119,0
3540,0
43372,1
44707,1
23579,0
12420,0
31652,0
5602,0
12740,0
30126,0
4401,0
499,0
30042,0
1263,0
35388,0
8676,0
33386,0
42846,1
21211,0
38015,0
34172,0
6401,1
5889,0
36644,0
11095,0
40781,1
8968,0
35214,0
13667,0
28284,0
30675,0
28049,0
17194,0
13333,0
6384,1
19886,0
17635,0
21036,0
24490,0
13476,0
31899,0
27016,0
38165,0
10966,0
20321,0
34170,0
34459,0
40309,1
11778,0
15038,0
15451,0
29038,0
8675,0
42591,1
25147,0
21441,0
37359,0
11439,0
38915,0
1905,0
5430,0
39148,0
1353,0
44246,1
4298,0
35552,0
41415,1
10821,0
14952,0
44570,1
28711,0
32636,0
26050,0
38282,0
23156,0
40023,0
21961,0
35389,0
31886,0
35317,0
36515,0
17121,0
24905,0
20611,0
27006,0
10087,0
1649,0
20747,0
15546,0
29722,0
11249,0
6753,0
39415,0
6429,1
17560,0
21792,0
12792,0
43539,1
34516,0
23219,0
17746,0
15831,0
22366,0
21142,0
39106,0
1283,0
27932,0
44741,1
23400,0
5477,0
34382,0
36099,0
45782,1
1792,0
17890,0
2206,0
19379,0
15826,0
37371,0
41151,1
15310,0
26632,0
42038,1
22600,0
1051,0
32169,0
32907,0
37064,0
24419,0
42588,1
23416,0
2217,0
41741,1
18822,0
30238,0
31294,0
16272,0
11885,0
28485,0
25068,1
40863,1
43913,1
35327,0
28782,0
26052,0
19454,0
24756,0
2553,0
6463,1
20955,0
28362,0
30212,0
35340,0
32095,0
15175,0
26436,0
2367,0
25937,0
15481,0
26796,0
45556,1
27560,0
35405,0
32602,0
38396,0
38379,0
7106,0
31997,0
7444,0
39588,0
24957,0
35765,1
39204,0
45453,1
34734,0
28527,0
7598,0
34731,0
25094,0
23890,0
15554,0
3848,0
35496,0
42104,1
4998,0
15660,0
26528,0
41839,1
18014,0
7313,0
28331,0
17453,0
43023,1
8647,0
12053,0
3363,0
30434,0
44422,1
19318,0
7585,0
14573,0
32754,0
32175,0
4497,0
14542,0
42095,1
21533,0
17311,0
32913,0
24111,0
22378,0
37316,0
1593,0
24236,0
37465,0
4565,0
4564,0
32418,0
44166,1
3818,0
19111,0
29174,0
2088,0
39914,0
29345,0
18084,0
2136,0
26075,0
39932,0
31562,0
41042,1
2928,0
10865,0
34543,0
39782,0
43957,1
35110,0
34077,0
38502,0
32623,0
4742,0
16202,0
37549,0
32454,0
37037,0
44130,1
23788,0
4904,0
1563,0
37404,0
43063,1
25089,0
35235,0
40194,1
45341,1
32109,0
38676,0
39003,0
24310,0
4883,0
9231,0
39391,0
15202,0
32210,0
19465,0
36778,0
28725,0
5478,0
37565,0
16465,0
2887,0
40775,1
10014,0
45674,1
33516,0
27803,0
37845,0
2629,0
31917,0
19176,0
35393,0
12752,0
36600,0
16878,0
40846,1
37020,0
4962,0
19484,0
26269,0
25734,0
26944,0
43810,1
23395,0
26248,0
18078,0
41173,1
9691,0
7485,0
37109,0
15761,0
26581,0
14537,0
19671,0
14240,0
24520,0
29198,0
1517,0
3957,0
40932,1
17881,0
12888,0
19190,0
11415,0
21890,0
20972,0
17104,0
29845,0
30805,0
27325,0
3425,0
19449,0
45240,1
39666,0
19610,0
417,0
32827,0
5260,0
30897,0
9674,0
3558,0
39703,0
21938,0
1690,0
2128,0
14047,0
25201,0
12699,0
20508,0
12720,0
13195,0
38011,0
37076,0
33417,0
37007,0
44793,1
16806,0
41236,1
4093,0
42407,1
12152,0
33276,0
1951,0
39270,0
23452,0
45100,1
18503,0
28451,0
12341,0
24037,0
18651,0
30769,0
28148,0
34617,0
31831,0
5110,0
18700,0
846,0
35716,0
24678,0
38029,0
42631,1
25042,0
22820,0
7173,0
6248,1
22782,0
29129,0
23929,0
10047,0
8870,0
5681,0
34296,0
45604,1
21171,0
9888,0
26330,0
45543,1
16562,0
44542,1
27771,0
32562,0
32597,0
5840,0
27261,0
19207,0
7479,0
4074,0
7300,0
9183,0
12520,0
35467,0
42246,1
25484,0
38334,0
2000,0
8610,0
30831,0
25024,0
18883,0
2588,0
43786,1
45920,0
32541,0
10954,0
7287,0
20912,0
5646,0
4769,0
35462,0
17052,0
39435,0
45835,1
33019,0
35850,0
42059,1
38248,0
39593,0
18246,0
32481,0
21144,0
38950,0
32437,0
45088,1
949,0
38866,0
45536,1
9844,0
10505,0
38942,0
44387,1
21045,0
13204,0
27507,0
11848,0
7402,0
34092,0
2097,0
15444,0
44000,1
25765,0
14551,0
45818,1
17684,0
2085,0
6287,1
1349,0
40128,1
38362,0
4324,0
16206,0
26848,0
24963,0
19904,0
9335,0
9173,0
9424,0
7070,1
37968,0
18495,0
28015,0
45078,1
19117,0
38580,0
5891,0
22982,0
43637,1
28200,0
43934,1
26663,0
657,0
13408,0
32795,0
19945,0
33418,0
12712,0
10846,0
21167,0
20376,0
14051,0
30409,0
37477,0
36447,0
1772,0
17859,0
4772,0
14720,0
3017,0
5428,0
14313,0
15170,0
27496,0
31737,0
16096,0
9389,0
34214,0
15460,0
23791,0
38428,0
40534,1
12560,0
41691,1
35301,0
15682,0
26609,0
19963,0
41350,1
43541,1
17334,0
45878,1
5248,0
44153,1
14824,0
44292,1
26059,0
35380,0
905,0
29953,0
12543,0
43873,1
13078,0
18654,0
9797,0
16545,0
26594,0
42161,1
18230,0
16791,0
26010,0
38384,0
20446,0
18461,0
4073,0
1427,0
9180,0
720,0
30716,0
1912,0
36058,0
24312,0
10518,0
34698,0
44202,1
34380,0
29473,0
34750,0
15896,0
29495,0
26570,0
11997,0
15486,0
31494,0
2653,0
26375,0
37747,0
43378,1
31343,0
11389,0
9611,0
17824,0
694,0
19756,0
31667,0
20656,0
13137,0
25753,0
41997,1
34370,0
22968,0
13306,0
39592,0
8323,0
40328,1
10652,0
22299,0
11236,0
9774,0
44266,1
25508,0
3149,0
36313,0
23442,0
34074,0
9705,0
11137,0
3586,0
5626,0
24550,0
38137,0
35813,0
2035,0
24616,0
43151,1
18741,0
29795,0
29871,0
2454,0
44170,1
20793,0
19806,0
39773,0
26502,0
26334,0
39198,0
39395,0
18465,0
27052,0
41868,1
20585,0
20695,0
37646,0
42324,1
43903,1
17705,0
9429,0
23797,0
28394,0
14184,0
45682,1
42543,1
22078,0
23531,0
28893,0
28129,0
43712,1
6176,1
25660,0
36062,0
22187,0
17683,0
22155,0
37886,0
25521,0
454,0
36457,0
26555,0
25655,0
18390,0
19869,0
25818,0
18730,0
23337,0
9781,0
21679,0
21468,0
6071,1
1671,0
38240,0
19328,0
31953,0
44730,1
38126,0
34921,0
17631,0
31274,0
8021,0
12006,0
25054,0
32426,0
26228,0
16018,0
28398,0
15488,0
27500,0
31292,0
11849,0
32721,0
16613,0
35378,0
30993,0
34836,0
32720,0
2444,0
1925,0
31467,0
25230,0
3107,0
34398,0
1699,0
8097,0
10023,0
15021,0
1514,0
9651,0
26812,0
14696,0
42727,1
11656,0
20691,0
34504,0
41486,1
10231,0
4146,0
19405,0
38393,0
15249,0
18135,0
39347,0
39861,0
24192,0
3506,0
39998,0
16968,0
38803,0
14194,0
42260,1
2442,0
26928,0
4423,0
45071,1
29096,0
15115,0
41048,1
32690,0
39885,0
38689,0
31116,0
37717,0
15041,0
36496,0
5469,0
23778,0
32311,0
25166,0
35948,0
4013,0
15343,0
13848,0
33856,0
21089,0
42755,1
4987,0
17497,0
44492,1
23689,0
44992,1
1988,0
3891,0
22453,0
27137,0
23529,0
16731,0
39985,0
20473,0
11599,0
9432,0
18179,0
33921,0
836,0
32397,0
10465,0
33079,0
17536,0
21949,0
14580,0
19073,0
30727,0
16475,0
1299,0
17736,0
42759,1
7154,0
19333,0
15159,0
11614,0
24182,0
37295,0
154,0
36107,0
24607,0
13070,0
16822,0
8388,0
11935,0
12464,0
4348,0
6665,1
37885,0
10590,0
24190,0
18194,0
16951,0
36033,0
44554,1
17967,0
34114,0
5683,0
2914,0
8721,1
26054,0
24385,0
39674,0
44778,1
14096,0
3292,0
4155,0
29195,0
10236,0
16678,0
22758,0
18685,0
27025,0
34109,0
45109,1
28028,0
31964,0
7750,0
5047,0
42169,1
5997,1
35703,0
26064,0
9368,0
36784,0
37233,0
20662,0
27152,0
7417,0
44360,1
35931,0
23397,0
37841,0
36736,0
15669,0
21116,0
41054,1
23377,0
16173,0
33308,0
24242,0
2919,0
22528,0
15086,0
37619,0
6591,1
45943,0
24085,0
42080,1
2585,0
23721,0
18029,0
1218,0
34548,0
11206,0
24884,0
25333,0
8295,0
22915,0
27917,0
41491,1
1984,0
2630,0
20596,0
29087,0
10275,0
27311,0
35601,0
1794,0
14461,0
32922,0
36359,0
34710,0
42338,1
29466,0
45694,1
896,0
1072,0
40077,0
32051,0
27831,0
35835,0
45388,1
44221,1
36206,0
33542,0
27654,0
11015,0
6216,1
24477,0
21933,0
14983,0
36833,0
41112,1
30883,0
71,0
39192,0
1199,0
4811,0
33535,0
7151,0
9287,0
44464,1
20644,0
9519,0
13953,0
39323,0
24707,0
25899,0
25203,0
10194,0
40238,1
176,0
1467,0
3009,0
43796,1
16053,0
17079,0
3185,0
13578,0
20149,0
8901,0
35770,0
43530,1
16476,0
11002,0
44692,1
28397,0
37667,0
1761,0
193,0
4944,0
30267,0
22457,0
43205,1
11134,0
16866,0
3099,0
494,0
20935,0
22713,0
13283,0
8385,0
1957,0
25792,0
30592,0
43039,1
6720,0
37755,0
2533,0
27380,0
28458,0
18156,0
37177,0
7557,0
30771,0
26306,1
24827,0
17515,0
1849,0
11313,0
28974,0
16632,0
26662,0
16633,0
31784,0
34362,0
6565,1
22131,0
1650,0
40560,1
17280,0
34525,0
37348,0
20013,0
29088,0
31754,0
8346,0
9495,0
38453,1
42173,1
41541,1
36557,0
33257,0
42105,1
1738,0
19850,0
33724,0
12963,0
26433,0
25443,0
38403,0
32558,0
41699,1
11606,0
34349,0
25784,0
14767,0
9608,0
27293,0
34739,0
34720,0
31595,0
36638,0
17942,0
8787,0
2966,0
30884,0
32696,0
19407,0
19444,0
27658,0
41916,1
38637,0
20534,0
13466,0
37260,0
31560,0
25187,0
5672,0
42434,1
41121,1
30944,0
39012,0
34018,0
28236,0
28520,0
44487,1
24620,0
8680,0
25292,0
15143,0
22,0
18306,1
4896,0
6353,1
42773,1
1934,0
41158,1
26090,0
16210,0
19493,0
16305,0
45209,1
42244,1
43228,1
35752,0
34024,0
7840,0
30960,0
22800,0
9497,0
42769,1
28310,0
31693,0
21073,0
38691,0
7043,1
2050,0
35958,0
26927,0
12060,0
12218,0
43473,1
18527,0
35269,0
43254,1
187,0
10357,0
38006,0
13429,0
36787,0
27406,0
30667,0
19564,0
29480,0
21903,0
19224,0
30357,0
12787,0
21356,0
8883,0
2535,0
9164,0
3840,0
12871,0
8218,0
13516,0
16257,0
24561,0
34958,0
26087,0
6091,1
31110,0
28958,0
26728,0
44799,1
41724,1
5570,0
21005,0
44325,1
39561,0
34029,0
2547,0
29927,0
1109,0
27711,0
3131,0
28705,0
21558,0
36867,0
6620,1
42788,1
24123,0
2177,0
13243,0
19307,0
7458,0
43770,1
18843,0
38317,0
31039,0
31171,0
36325,0
17449,0
41673,1
15784,0
17201,0
32195,0
34899,0
4623,0
43452,1
9931,0
641,0
4337,0
6166,1
19623,0
31321,0
31443,0
784,0
31753,0
4867,0
22798,0
32126,0
25593,0
43196,1
13540,0
20562,0
30428,0
42442,1
12061,0
27070,0
15142,0
11092,0
26139,0
16100,0
41446,1
36935,0
25112,0
16882,0
3645,0
22533,0
41157,1
41365,1
16929,0
6866,0
35432,0
6705,0
14324,1
11959,0
35297,0
8189,0
34102,0
30853,0
44800,1
37311,0
42697,1
15702,0
36007,0
43275,1
45309,1
3883,0
29954,0
36774,0
8561,0
12478,0
23829,0
21837,0
11977,0
28068,0
45634,1
11741,0
28766,0
38726,0
12979,0
29896,0
16137,0
31211,0
13738,0
23460,0
26476,0
40054,0
10084,0
17383,0
1580,0
37784,0
38665,0
34688,0
38369,0
20029,0
31483,0
6281,1
35650,0
43777,1
18575,0
45559,1
14151,0
37101,0
3882,0
41212,1
35852,0
40766,1
35491,0
9926,0
3514,0
17686,0
2376,0
24591,0
13591,0
19094,0
36943,0
4575,0
13159,0
42551,1
26348,0
7373,0
39233,0
695,0
18470,0
8845,0
15674,0
20316,0
36758,0
15022,0
6473,1
2397,0
22094,0
16637,0
40336,1
2808,0
2674,0
2077,0
37227,0
26227,0
43733,1
13579,0
34805,0
24752,0
42451,1
7396,0
3756,0
9811,0
36053,0
39676,0
2960,0
18631,0
41106,1
13702,0
11488,0
42182,1
33113,0
21044,0
45787,1
23623,0
15558,0
7781,0
13853,0
4326,0
24829,0
19343,0
38785,0
14206,0
40614,1
35043,0
15740,0
23370,0
25898,0
23423,0
34992,0
40288,1
16611,0
16974,0
8649,0
337,0
29081,0
31121,0
26847,0
6361,1
27136,0
33709,0
27993,0
35580,0
35103,0
8861,0
25303,0
32894,0
5985,1
14422,0
4997,0
29498,0
30637,0
7656,0
44322,1
1056,0
18862,0
10043,0
39052,0
14171,0
19527,0
8073,0
36406,0
21958,0
33560,0
2506,0
12357,0
3594,0
10889,0
13321,0
8283,0
36477,0
17028,0
45868,1
8616,0
3599,0
5914,0
18668,0
4629,0
12799,0
33290,0
42126,1
38767,0
42851,1
26990,0
20158,0
27305,0
16404,0
32740,0
24079,0
29212,0
42239,1
1567,0
3794,0
32635,0
43131,1
122,0
10995,0
9699,0
34198,0
5152,0
42143,1
43444,1
28616,0
16928,0
7264,0
39911,0
16457,0
4183,0
5423,0
14811,0
7675,0
6661,1
8168,0
21817,0
42957,1
6953,0
1656,0
25339,0
30697,0
15114,0
18245,0
10526,0
24634,0
2811,0
4143,0
38112,0
42276,1
36427,0
1148,0
28895,0
38254,0
31636,0
31947,0
10234,0
13252,0
12533,0
30561,0
36569,0
23808,0
16062,0
43762,1
6769,0
33241,0
34053,0
3488,0
22407,0
7745,0
22733,0
1391,0
36056,0
6521,1
41687,1
6667,1
16900,0
21016,0
5087,0
10544,0
28468,0
45433,1
4891,0
34595,0
23756,0
7777,0
39913,0
18867,0
37387,0
14476,0
14619,0
25506,0
31564,0
3653,0
29373,0
44519,1
13557,0
45012,1
6964,0
12857,0
33098,0
10408,0
18678,0
41539,1
32899,0
37286,0
20257,0
44378,1
24237,0
3782,0
4066,0
37470,0
22007,0
35117,0
42406,1
44753,1
5471,0
13155,0
25730,0
42655,1
8828,0
12435,0
32487,0
20392,0
15296,0
1526,0
33630,0
19421,0
40754,1
31846,0
15909,0
29355,0
33188,0
9716,0
16566,0
7117,0
18679,0
11777,0
37384,0
35265,0
33366,0
26069,0
4150,0
16220,0
12550,0
33000,0
42444,1
14734,0
7088,1
8667,0
42978,1
8493,0
26948,0
527,0
4063,0
43861,1
4897,0
14028,0
35796,0
31960,0
9039,0
9697,0
42935,1
40343,1
28112,0
12929,0
23056,0
18611,0
33559,0
6196,1
18027,0
43057,1
5993,1
20589,0
16547,0
44783,1
25457,0
5210,0
27698,0
45246,1
19897,0
1382,0
22270,0
44968,1
41937,1
10057,0
41308,1
26805,0
31086,0
36728,0
9556,0
19482,0
23695,0
36476,0
39071,0
30260,0
18450,0
28786,0
32808,0
20263,0
37225,0
7568,0
40053,0
18074,0
13026,0
21777,0
25331,0
44896,1
36767,0
18239,0
7571,0
2776,0
26651,0
1334,0
37807,0
36234,0
17982,0
7219,0
43560,1
8948,0
8061,0
1235,0
8379,0
3688,0
39872,0
8511,0
29987,0
21788,0
31841,0
41119,1
39490,0
29155,0
17984,0
29083,0
24274,0
43043,1
21509,0
16591,0
37522,0
42576,1
30240,0
12708,0
14816,0
30793,0
38911,0
42651,1
3267,0
16242,0
214,0
44398,1
5314,0
27366,0
30061,0
34040,0
27393,0
20093,0
14866,0
10419,0
35306,0
4371,0
2672,0
32336,0
13950,0
28841,0
28371,0
11847,0
45101,1
28713,0
9176,0
5329,0
26121,0
2225,0
21339,0
25541,0
9928,0
45015,1
3493,0
13564,0
42390,1
29039,0
27521,0
12436,0
8546,0
5591,0
21281,0
21189,0
31579,0
5578,0
1589,0
4197,0
25720,0
2668,0
1842,0
28962,0
24055,0
15080,0
23398,0
37869,0
38622,0
26504,0
12449,0
7269,0
33328,0
25909,0
20725,0
11157,0
4503,0
3507,0
3240,0
36492,0
37259,0
44580,1
27288,0
4876,0
18204,0
38764,0
22684,0
934,0
2830,0
23343,0
20465,0
23900,0
12614,0
43716,1
37595,0
27628,0
11149,0
23973,0
39756,0
2374,0
16569,0
14249,0
27121,0
3076,0
9338,0
9800,0
9315,0
17770,0
26674,0
27911,0
25227,0
7114,0
20211,0
10068,0
27987,0
32356,0
1712,0
7476,0
38872,0
33259,0
20734,0
15385,0
41392,1
10018,0
38154,0
17923,0
27812,0
1946,0
9801,0
5305,0
41888,1
33482,0
2710,0
44107,1
31801,0
10170,0
30952,0
6021,1
2300,0
13605,0
24719,0
32413,0
26624,0
24949,0
4363,0
23148,0
16092,0
26095,0
21581,0
2558,0
37912,0
7932,0
18792,0
24754,0
7848,0
26810,0
4200,0
27551,0
13209,0
34471,0
21935,0
42435,1
14229,0
31136,0
15276,0
44389,1
7283,0
16141,0
3080,0
38862,0
39309,0
3055,0
42661,1
28194,0
27662,0
28612,0
42955,1
32513,0
37538,0
11395,0
37652,0
14464,0
27740,0
25193,0
234,0
32580,0
39961,0
45235,1
42887,1
25636,0
30557,0
30288,0
22064,0
656,0
15085,0
44223,1
2701,0
36643,0
14477,0
18439,0
35183,0
22940,0
24589,0
7816,0
41622,1
13097,0
16167,0
30978,0
12838,0
35912,0
14111,0
40573,1
7270,0
29925,0
6556,1
43028,1
24294,0
7040,1
32564,0
37210,0
21282,0
41792,1
6096,1
20724,0
14593,0
43349,1
13559,0
8157,0
13048,0
8827,0
11209,0
25991,0
41345,1
3982,0
2113,0
16867,0
43189,1
17395,0
5557,0
37760,0
25255,0
19336,0
26751,0
24338,0
38899,0
171,0
7497,0
3386,0
23232,0
32830,0
2626,0
33205,0
10319,0
41485,1
10997,0
35470,0
30226,0
43994,1
19154,0
11114,0
30437,0
4023,0
43671,1
6228,1
5512,0
39828,0
37779,0
11027,0
16646,0
41907,1
9395,0
40685,1
7294,0
11336,0
34613,0
36954,0
32770,0
34099,0
2708,0
23207,0
6162,1
33723,0
16145,0
33319,0
45934,0
16540,0
1594,0
45892,0
1633,0
36217,0
35510,0
41414,1
36552,0
34175,0
2509,0
41049,1
44298,1
12248,0
42413,1
27004,0
26361,0
40403,1
12324,0
36570,0
39162,0
1078,0
11950,0
25398,0
1327,0
30532,0
25570,0
39745,0
27392,0
39781,0
12172,0
20605,0
11438,0
2976,0
2163,0
14368,0
16033,0
26729,0
23924,0
35781,0
15101,0
40191,1
6863,0
44782,1
20056,0
169,0
17080,0
42713,1
28221,0
32163,0
26578,0
44845,1
35827,0
30918,0
42327,1
31740,0
15132,0
41235,1
15711,0
10718,0
10895,0
7934,0
20822,0
188,0
13803,0
34862,0
36131,0
25682,0
35661,0
15775,0
18344,0
17627,0
786,0
23241,0
11487,0
4042,0
4499,0
11222,0
3765,0
5974,0
15885,0
21114,0
21756,0
22455,0
1394,0
44156,1
37803,0
42007,1
45540,1
24441,0
38371,0
33036,0
34980,0
37816,0
18265,0
44875,1
32546,0
20312,0
24013,0
33525,0
33189,0
14475,0
8033,0
40276,1
35092,0
44751,1
6175,1
8328,0
27114,0
40865,1
19394,0
21883,0
17679,0
2190,0
35271,0
28732,0
23624,0
28979,0
39940,0
20085,0
11578,0
40662,1
33642,0
40694,1
17320,0
29015,0
13503,0
35848,0
11128,0
13318,0
31138,0
14508,0
34681,0
45918,0
29119,0
33551,0
20260,0
45812,1
23640,0
16809,0
16122,0
28455,0
30857,0
33151,0
5130,0
26088,0
7676,0
43300,1
15474,0
3103,0
9336,0
13272,0
3093,0
32475,0
42702,1
37685,0
34771,0
4522,0
15725,0
28680,0
23342,0
37973,0
26333,0
14861,0
18803,0
29448,0
189,0
27061,0
42951,1
13301,0
40889,1
8924,0
26424,0
11676,0
35892,0
33490,0
8829,0
42764,1
45259,1
5465,0
10758,0
41748,1
25324,0
29200,0
34469,0
1345,0
13934,0
30001,0
7697,0
42303,1
7166,0
35707,0
43222,1
43689,1
31185,0
11466,0
33136,0
7950,0
40125,1
2806,0
7144,0
40341,1
44665,1
33553,0
14104,0
42156,1
31534,0
36612,0
23840,0
20168,0
22851,0
36538,0
43217,1
24138,0
34286,0
18582,0
1329,0
23786,0
17520,0
12407,0
20469,0
17724,0
23117,0
40997,1
36003,0
1277,0
22885,0
10616,0
12805,0
13315,0
16640,0
12917,0
44328,1
22009,0
12140,0
23896,0
20809,0
18970,0
42798,1
5496,0
11844,0
10830,0
27498,0
18292,0
26382,0
9454,0
27513,0
18698,0
35088,0
40838,1
16926,0
42217,1
33149,0
17570,0
42269,1
30779,0
43447,1
42467,1
30846,0
22715,0
25497,0
40183,1
10062,0
11934,0
7063,1
749,0
5308,0
33206,0
24544,0
30461,0
7035,0
9208,0
35706,0
38821,0
25219,0
8625,0
34378,0
9274,0
22470,0
371,0
33809,0
5671,0
35019,0
20134,0
28192,0
6873,0
20840,0
23748,0
33587,0
32441,0
23723,0
36159,0
36161,0
45175,1
19286,0
43037,1
32656,0
14340,0
27508,0
1861,0
30316,0
1710,0
23473,0
36694,0
42228,1
19292,0
35728,0
11889,0
37523,0
26621,0
31518,0
21515,0
14465,0
28611,0
11136,0
507,0
19179,0
36320,0
7814,0
15758,0
45702,1
27414,0
22447,0
23521,0
26798,0
36265,0
13045,0
2497,0
28239,0
14131,0
6907,0
13106,0
22645,0
4207,0
27247,0
7791,0
43642,1
14425,0
12839,0
37546,0
22371,0
14163,0
10522,0
20117,0
24558,0
32440,0
30254,1
22748,0
16938,0
13510,0
31197,0
1913,0
24564,0
36092,0
29319,0
12099,0
30628,0
44743,1
8076,0
9474,0
18312,0
20200,0
18154,0
6393,1
35312,0
41430,1
10020,0
10277,0
44295,1
38008,0
23643,0
28307,0
31222,0
3457,0
41247,1
40143,1
33761,0
38938,0
20277,0
13727,0
32758,0
9084,0
807,0
28945,0
28645,0
9158,0
8427,0
18618,0
29415,0
19332,0
36607,0
36680,0
30031,0
1525,0
37953,0
9137,0
39918,0
8127,0
38973,0
12051,0
29655,0
28856,0
11459,0
28739,0
25481,0
22935,0
15994,0
22207,0
44068,1
30682,0
41325,1
1659,0
6537,1
29889,0
43170,1
37478,0
12959,0
3691,0
26406,0
21051,0
39548,0
37563,0
1624,0
9571,0
27140,0
25751,0
25872,0
35385,0
10162,0
44419,1
735,0
24574,0
10006,0
36876,0
20976,0
45764,1
43722,1
14906,0
39729,0
15550,0
13660,0
35303,0
34907,0
44231,1
4454,0
9160,0
20324,0
23253,0
21375,0
39143,0
1115,0
4592,0
3559,0
8285,0
13043,0
32073,0
10671,0
40038,0
15828,0
9414,0
11279,0
41103,1
18375,0
14603,0
7423,0
36181,0
27229,0
45707,1
42430,1
40872,1
16371,0
28135,0
7655,0
15897,0
24657,0
25755,0
23269,0
18907,0
29329,0
42357,1
1297,0
38069,0
28697,0
26351,0
10792,0
18992,0
29858,0
8292,0
19785,0
18051,0
20268,0
2052,0
32047,0
7992,0
44094,1
5374,0
13442,0
4165,0
30491,0
42905,1
22679,0
24224,0
11174,0
22572,0
5437,0
8556,0
8852,0
39732,0
30034,0
43875,1
2492,0
36995,0
10218,0
15469,0
30728,0
40225,1
33429,0
42969,1
32651,0
9144,0
37149,0
36344,0
22654,0
30493,0
26819,0
15640,0
8103,0
12960,0
29788,0
9692,0
27225,0
33224,0
14288,0
35027,0
12886,0
275,0
12181,0
26033,0
20065,0
40649,1
27010,0
2648,0
40173,1
38627,0
4220,0
23557,0
14188,0
33743,0
5728,0
34551,0
2748,0
17518,0
19,0
38129,0
35859,0
37308,0
26077,0
8338,0
17236,0
5992,1
31174,0
36577,0
6307,1
22304,0
30262,0
10404,0
20612,0
34586,0
3941,0
3273,0
35469,0
30054,0
10927,0
35157,0
23589,0
37955,0
19616,0
34679,1
19864,0
30070,0
15091,0
43229,1
20843,0
37527,0
6177,1
33043,0
6185,1
44960,1
29517,0
35341,0
30112,0
27023,0
44409,1
19556,0
41020,1
18746,0
32717,0
24935,0
9409,0
28191,0
45814,1
25418,0
138,0
3585,0
9876,0
8197,0
23081,0
31440,0
1716,0
12921,0
31158,0
41732,1
30261,0
41010,1
36542,0
31821,0
34202,0
4359,0
32090,0
20647,0
30114,0
753,0
3923,0
8206,0
9715,0
34619,0
12323,0
30778,0
21841,0
7155,0
15895,0
44744,1
37645,0
1082,0
1313,0
18614,0
23186,0
17844,0
41481,1
32091,0
14000,0
24363,0
11574,0
36929,0
45671,1
39629,0
21337,0
985,0
363,0
3348,0
1302,0
34911,0
3593,0
36830,0
24980,0
40334,1
6089,1
29226,0
43186,1
27969,0
36823,0
16535,0
4430,0
21368,0
31452,0
40262,1
14250,0
24931,0
42163,1
14381,0
3400,0
34229,0
15943,0
33973,0
13574,0
36969,0
42901,1
27346,0
9029,0
13450,0
31885,0
29421,0
41913,1
15334,0
7298,0
22601,0
1513,0
5687,0
8027,0
14456,0
11353,0
13664,0
276,0
31833,0
30730,0
43990,1
41396,1
26875,0
6143,1
22495,0
11721,0
387,0
6710,0
38623,0
9958,0
9822,0
15238,0
44937,1
18238,0
11500,0
17963,0
3569,0
22882,0
35290,0
1524,0
39145,0
26122,0
35063,0
12325,0
37778,0
20094,0
25239,0
43459,1
858,0
37531,0
1903,0
39219,0
9765,0
14870,0
1591,0
18009,0
3545,0
7704,0
35444,1
16845,0
45403,1
45006,1
29139,0
39077,0
2949,0
3591,0
34557,0
36645,0
1512,0
3935,0
29749,0
33365,0
17239,0
45813,1
41495,1
16959,0
18596,0
45094,1
1086,0
16490,0
17215,0
29704,0
23505,0
18087,0
39750,0
11515,0
22771,0
27838,0
4576,0
5021,0
11234,0
18591,0
15144,0
37369,0
36591,0
25407,0
36148,0
21295,0
3285,0
24534,0
20583,0
19952,0
28121,0
28512,0
22590,0
40254,1
24232,0
7981,0
43323,1
16294,0
22629,0
29964,0
9584,0
14403,0
4008,0
6153,1
36274,0
37679,0
12285,0
29815,0
23190,0
719,0
45721,1
24649,0
26599,0
22714,0
13456,0
12146,0
35179,0
17742,0
38583,0
7674,0
13004,0
43848,1
23226,0
17981,0
2071,0
2042,0
35996,0
5142,0
20519,0
9824,0
11142,0
28406,0
10546,0
7068,1
35336,0
22123,0
28906,0
28585,0
38640,0
13384,0
35376,0
36985,0
10591,0
1110,0
1773,0
18620,0
7593,0
36615,0
7686,0
25344,0
10124,0
14242,0
24645,0
42936,1
24947,0
445,0
32361,0
32096,0
17578,0
30009,0
44421,1
44047,1
11608,0
5433,0
16689,0
11308,0
32241,0
4361,0
28161,0
41725,1
32974,0
10076,0
29401,0
20242,0
2929,0
28106,0
3232,0
12603,0
40713,1
5865,0
21003,0
21312,0
35441,0
23162,0
4993,0
44663,1
17361,0
27666,0
4854,0
43808,1
3071,0
45044,1
32848,0
22719,0
28449,0
6231,1
23538,0
3786,0
23692,0
40772,1
12703,0
32782,0
43386,1
29009,0
35636,0
39509,0
45261,1
30348,0
28987,0
28902,0
19072,0
37343,0
6713,0
19681,0
13213,0
18509,0
19002,0
192,0
12994,0
14649,0
16356,0
1038,0
25413,0
3125,0
28994,0
7770,0
4765,0
40406,1
15872,0
41271,1
21471,0
11686,0
12263,0
26921,0
199,0
17078,0
5387,0
26766,0
18321,0
8083,0
44307,1
29288,0
26797,0
32573,0
29743,0
22531,0
41171,1
22374,0
8424,0
18082,0
11127,0
12596,0
19834,0
433,0
30336,0
15250,0
16449,0
45005,1
8470,0
35537,0
22038,0
4748,0
5218,0
43301,1
13082,0
32050,0
13229,0
30896,0
10102,0
7112,0
6074,1
17462,0
11719,0
43505,1
29419,0
22483,0
22747,0
2952,0
26364,1
14674,0
22465,0
40939,1
5331,0
33083,0
7990,0
2375,0
11779,0
45677,1
30838,0
13182,0
1950,0
36502,0
44932,1
4619,0
35086,0
3081,0
41299,1
10177,0
10907,0
15019,0
35753,0
24219,0
44055,1
25370,0
5120,0
14175,0
7536,0
33,0
26526,0
22485,0
28044,0
23587,0
20006,0
42902,1
16278,0
27233,0
15094,0
10922,0
6677,1
20020,0
13439,0
42696,1
43218,1
35149,0
15901,0
41684,1
31336,0
38757,0
43704,1
6038,1
15832,0
16765,0
33169,0
45589,1
42906,1
26102,0
22890,0
21604,0
43094,1
12222,0
25061,0
87,0
35982,0
39479,0
42672,1
35454,0
14801,0
4342,0
17114,0
32621,0
3508,0
35502,0
2455,0
8890,0
25368,0
35472,0
19630,0
20952,0
19212,0
14793,0
15356,0
3991,0
32903,0
18215,0
7435,0
20258,0
42821,1
9577,0
28723,0
13518,0
25662,0
40596,1
21401,0
29817,0
24810,0
44043,1
34627,0
4831,0
41982,1
44887,1
21406,0
37617,0
21939,0
44841,1
25005,0
11739,0
19926,0
32394,0
23968,0
2484,0
4306,0
36111,0
19144,0
5559,0
2704,0
29793,0
10335,0
19473,0
19994,0
21190,0
24431,0
2200,0
15063,0
26238,0
42794,1
21162,0
7886,0
28472,0
27906,0
6333,1
34160,0
32523,0
20283,0
3521,0
39303,0
7395,0
1802,0
13615,0
1999,0
29428,0
45449,1
41626,1
4582,0
45492,1
42606,1
15821,0
38800,0
39654,0
28630,0
38441,0
21703,0
4065,0
21738,0
41011,1
23613,0
11425,0
38504,0
13581,0
1880,0
572,0
28149,0
14478,0
37923,0
35320,0
25849,0
12843,0
4119,0
7905,0
14493,0
38917,0
20529,0
27934,0
15123,0
43584,1
6059,1
3362,0
27825,0
38542,0
3430,0
40992,1
10627,0
125,0
16374,0
2652,0
44288,1
25098,0
39524,0
30192,0
45931,0
24020,0
22871,0
17581,0
33182,0
27338,0
15785,0
10911,0
6332,1
15590,0
9367,0
34764,0
44453,1
44102,1
36068,0
42799,1
40388,1
21447,0
2892,0
3075,0
44213,1
24720,0
24484,0
16554,0
38193,0
8118,0
3590,0
27950,0
17762,0
13157,0
38882,0
38250,0
4120,0
44544,1
8584,0
37813,0
42213,1
34376,0
14701,0
17633,0
33635,0
20251,0
166,0
16207,0
25287,0
10349,0
30615,0
18934,0
23851,0
12414,0
41298,1
19984,0
8543,0
36413,0
40731,1
42446,1
24774,0
28908,0
33376,0
43311,1
19809,0
24349,0
18777,0
26628,0
37362,0
21854,0
12847,0
10391,0
41214,1
11507,0
3014,0
727,0
41739,1
16138,0
3986,0
35700,0
7323,0
14035,0
7253,0
26027,0
22241,0
3220,0
34538,0
28218,0
43674,1
7834,0
37583,0
437,0
44019,1
42883,1
14261,0
32127,0
32735,0
6539,1
18184,0
16617,0
17924,0
21248,0
37591,0
24991,0
26005,0
911,0
26470,0
26794,0
14463,0
3868,0
33191,0
37132,0
18560,0
9206,0
10868,0
13911,0
45629,1
44647,1
21236,0
4293,0
35180,0
21262,0
39063,0
8146,0
37585,0
26930,0
34178,0
34552,0
19220,0
43960,1
45873,1
14481,0
41127,1
14105,0
42020,1
31251,0
23518,0
43454,1
24233,0
2575,0
40257,1
25371,0
22448,0
28633,0
28836,0
34567,0
3284,0
2173,0
7616,0
9778,0
6697,1
32157,0
24016,0
8510,0
24814,0
28187,0
22837,0
13933,0
41787,1
1776,0
25204,0
21877,0
28490,0
11737,0
5446,0
37865,0
29047,0
39958,0
8771,0
23601,0
5564,0
23927,0
17048,0
32005,0
32298,0
4912,0
10205,0
28476,0
12379,0
27423,0
3740,0
38087,0
23303,0
14772,0
44589,1
28076,0
17127,0
13330,0
21535,0
4572,0
38769,0
4271,0
16543,0
11423,0
41743,1
9000,0
22181,0
33216,0
22116,0
14070,0
8469,0
7851,0
19634,0
3069,0
13194,0
29709,0
3809,0
19101,0
35321,0
5181,0
40862,1
22924,0
3887,0
13367,0
17850,0
8084,0
35366,0
9605,0
27073,0
13777,0
44582,1
16075,0
33360,0
1705,0
21469,0
18846,0
33092,0
28977,0
603,0
243,0
25163,0
24531,0
24371,0
38670,0
10838,0
42809,1
13711,0
32114,0
6103,1
823,0
24206,0
45925,0
26028,0
21184,0
28516,0
11952,0
2813,0
23198,0
15500,0
41208,1
20461,0
19349,0
15098,0
9128,0
39777,0
9068,0
43732,1
36964,0
12730,0
17899,0
1619,0
31803,0
5396,0
39834,0
45029,1
37994,0
45146,1
32609,0
35653,0
44249,1
26699,0
45535,1
22660,0
19662,0
42638,1
32769,0
23116,0
17075,0
10829,0
4750,0
25425,0
8049,0
520,0
31377,0
1336,0
33678,0
38901,0
25902,0
10373,0
2299,0
27863,0
27352,0
526,0
4712,0
18996,0
31221,0
13183,0
17045,0
16596,0
8509,0
7039,1
6141,1
22833,0
15686,0
45272,1
32920,0
39263,0
24764,0
30995,0
12064,0
3384,0
44924,1
36659,0
32137,0
1992,0
19614,0
41722,1
17693,0
1497,0
45884,0
38513,0
30834,0
24097,0
43800,1
30607,0
2999,0
27254,0
14933,0
15433,0
23151,0
924,0
25796,0
5391,0
16447,0
11658,0
8592,0
15883,0
23941,0
2262,0
23014,0
20811,0
19697,0
5311,0
20270,0
33831,0
20693,0
38851,0
23662,0
33047,0
42459,1
10095,0
31621,0
30753,0
23286,0
30898,0
14500,0
15268,0
38066,0
39190,0
5973,0
14333,0
2893,0
38198,0
12815,0
8390,0
28457,0
32702,0
38666,0
43703,1
10417,0
11562,0
44984,1
7653,0
599,0
2305,0
15166,0
23884,0
41752,1
27833,0
532,0
13411,0
1932,0
35399,0
42427,1
37366,0
3006,0
19240,0
35736,0
23489,0
19842,0
21487,0
4092,0
5969,0
3459,0
15644,0
12130,0
45823,1
36898,0
16348,0
11854,0
23394,0
22176,0
31261,0
24472,0
2037,0
39554,0
19693,0
19781,0
4909,0
33312,0
36180,0
19938,0
6471,1
31059,0
2507,0
4091,0
15808,0
13423,0
12077,0
43305,1
2103,0
30242,0
18893,0
1575,0
16839,0
27359,0
41355,1
23930,0
25401,0
3934,0
29227,0
29016,0
10909,0
23718,0
1224,0
33624,0
12473,0
15347,0
24895,0
14751,0
2224,0
26618,0
16754,0
45362,1
35051,0
37096,0
13507,0
26440,0
7533,0
20210,0
23891,0
11833,0
29409,0
14873,0
24243,0
31295,0
43135,1
29590,0
42107,1
20926,0
38163,0
24115,0
23637,0
33907,0
25674,0
14778,0
40244,1
33590,0
28001,0
3706,0
10049,0
12238,0
4846,0
225,0
27682,0
12798,0
15566,0
11283,0
15614,0
14379,0
32659,0
358,0
39360,0
34010,0
28545,0
38416,0
4625,0
21725,0
19640,0
11545,0
23369,0
4180,0
18595,0
29745,0
22016,0
578,0
41576,1
33976,0
20008,0
11519,0
5499,0
37319,0
30118,0
21566,0
803,0
37576,0
16266,0
4622,0
25194,0
33977,0
9933,0
9058,0
38592,0
35494,0
41318,1
34025,0
5439,0
12615,0
37944,0
45576,1
11194,0
25252,0
32578,0
8001,0
39975,0
609,0
8888,0
34251,0
70,0
23667,0
40860,1
42816,1
13025,0
27096,0
4767,0
35874,0
32270,0
3024,0
42049,1
7278,0
10595,0
24941,0
2800,0
28260,0
8907,0
9968,0
45506,1
39337,0
33099,0
8770,0
8678,0
44401,1
15953,0
20804,0
23901,0
21718,0
41122,1
41083,1
28424,0
35929,0
16586,0
37642,0
13228,0
14095,0
17213,0
21914,0
10650,0
42782,1
27644,0
30640,0
21433,0
44284,1
30130,0
4139,0
13267,0
40425,1
11446,0
21860,0
21285,0
41016,1
3434,0
29069,0
20791,0
24592,0
30005,0
19239,0
7401,0
3319,0
27459,0
44308,1
30882,0
2310,0
1968,0
40148,1
42418,1
27550,0
17863,0
30052,0
45441,1
25266,0
14220,0
29339,0
22983,0
43963,1
40319,1
3145,0
212,0
20779,0
981,0
11782,0
44830,1
30519,0
17916,0
27191,0
3063,0
38532,0
14212,0
34038,0
9427,0
24749,0
44062,1
27883,0
40442,1
36422,0
45047,1
31168,0
21027,0
15219,0
15421,0
36046,0
28065,0
28366,0
41053,1
15113,0
43749,1
42183,1
27965,0
45485,1
45153,1
99,0
30535,0
14522,0
24389,0
38136,0
36155,0
26917,0
19017,0
19679,0
44673,1
2330,0
9026,0
18795,0
4813,0
38009,0
24992,0
3866,0
34335,0
16135,0
37854,0
28353,0
26978,0
441,0
44227,1
27358,0
1209,0
18187,0
13864,0
18719,0
4020,0
22910,0
41669,1
18174,0
12873,0
42985,1
653,0
12536,0
7352,0
39335,0
43080,1
40657,1
8769,0
39047,0
38947,0
17874,0
11964,0
16472,0
39875,0
27552,0
11292,0
33663,0
20255,0
27175,0
13057,0
30059,0
14919,0
29299,0
22284,0
22097,0
30539,0
17230,0
21874,0
1678,0
22011,0
7534,0
22922,0
34122,0
31872,0
9046,0
27395,0
9560,0
42660,1
20566,0
26353,0
5917,0
16188,0
2047,0
4687,0
27091,0
17599,0
2167,0
38680,0
25455,0
14402,0
26910,0
44340,1
18393,0
39869,0
7451,0
3620,0
21490,0
6576,1
25025,0
4713,0
43710,1
31461,0
37743,0
10013,0
13812,0
19243,0
39824,0
45855,1
13984,0
41510,1
23298,0
14291,0
7014,0
37094,0
9842,0
43244,1
5855,0
40362,1
31966,0
10179,0
7016,0
1366,0
11788,0
5806,0
40974,1
44626,1
31890,0
32900,0
4677,0
6844,0
30772,0
5031,0
33895,0
25408,0
14917,0
39900,0
322,0
5770,0
36004,0
39514,0
6048,1
31067,0
37115,0
10512,0
1529,0
569,0
25664,0
8317,0
30679,0
29624,0
27164,0
10156,0
6994,0
36442,0
19388,0
31983,0
3497,0
6060,1
40447,1
41898,1
45675,1
22397,0
13409,0
18590,0
42175,1
6425,1
3043,0
12445,0
1239,0
17016,0
2951,0
14342,0
7685,0
39762,0
27966,0
43843,1
21859,0
1879,0
34117,0
2282,0
29118,0
10759,0
18844,0
37270,0
29692,0
4208,0
27189,0
38896,0
15045,0
16203,0
8588,0
28914,0
45274,1
25145,0
17795,0
35367,0
17423,0
34689,0
29507,0
27270,0
21014,0
38609,0
26688,0
3951,0
43354,1
26520,0
33527,0
28768,0
12698,0
4720,0
20943,0
23042,0
28541,0
11326,0
41061,1
11422,0
16051,0
19988,0
5037,0
7172,0
22194,0
5460,0
25231,0
7389,0
36069,0
35623,0
11995,0
9150,0
5635,0
4817,0
4344,0
12479,0
29364,0
25357,0
37741,0
22232,0
32709,0
37658,0
16675,0
28212,0
33769,0
16883,0
41525,1
15846,0
38382,0
1835,0
1367,0
28972,0
9598,0
25385,0
11198,0
6082,1
21818,0
8773,0
40868,1
21537,0
24120,0
18954,0
12256,0
37373,0
29522,0
33234,0
1975,0
42034,1
33396,0
14502,0
15066,0
17716,0
22546,0
35968,0
40018,0
2968,0
22332,0
1252,0
30720,0
3153,0
41303,1
30608,0
45833,1
26449,0
39596,0
8720,0
3880,0
14792,0
39085,0
21698,0
40753,1
9019,0
43307,1
20051,0
6340,1
15141,0
17222,0
4824,0
3329,0
11645,0
3118,0
17477,0
35202,0
12851,0
20424,0
16843,0
21894,0
19716,0
11388,0
28401,0
21623,0
37508,0
8997,0
30417,0
31940,0
3039,0
44237,1
17084,0
31419,0
44400,1
42778,1
19199,0
41742,1
4176,0
2771,0
42863,1
2971,0
3066,0
12288,0
913,0
11650,0
29642,0
28144,0
1715,0
18041,0
23590,0
44331,1
22596,0
31792,0
43583,1
20514,0
515,0
34167,0
15879,0
43206,1
1576,0
9072,0
16228,0
44112,1
17381,0
14524,0
12925,0
28080,0
23835,0
11343,0
37666,0
5761,0
41873,1
45824,1
13755,0
42204,1
44728,1
36013,0
7716,0
18704,0
32627,0
8212,0
43226,1
27207,0
833,0
44070,1
11060,0
5459,0
15077,0
34289,0
15017,0
37368,0
19943,0
1850,0
36218,0
12022,0
249,0
13453,0
32567,0
31213,0
35642,0
29842,0
1330,0
29882,0
33131,0
38499,0
25690,0
35067,0
271,0
42818,1
28411,0
15530,0
25871,0
25431,0
5407,0
24928,0
22065,0
15333,0
14215,0
12830,0
41058,1
22071,0
6193,1
41755,1
32969,0
43604,1
33499,0
41505,1
11296,0
5004,0
45876,1
31472,0
29099,0
34143,0
35307,0
15339,0
5264,0
36559,0
26014,0
39700,0
41039,1
19863,0
43289,0
33296,0
33444,0
4694,0
4187,0
6418,1
8301,0
28993,0
41984,1
32947,0
30806,0
20680,0
22163,0
31835,0
35732,0
35957,0
1369,0
16029,0
6466,1
385,0
29060,0
32569,0
40825,1
23558,0
26970,0
9956,0
27780,0
673,0
2179,0
24927,0
23387,0
40748,1
12461,0
3272,0
41213,1
36991,0
13240,0
21364,0
30849,0
21857,0
38562,0
20905,0
13886,0
12597,0
28222,0
33599,0
44676,1
10709,0
41614,1
41960,1
44073,1
41170,1
33046,0
22228,0
20136,0
1233,0
21461,0
24193,0
28696,0
45436,1
37402,0
14157,0
20252,0
37578,0
39304,0
21034,0
44865,1
3764,0
36247,0
23605,0
4403,0
38284,0
37066,0
8981,0
32723,0
9193,0
33588,0
14819,0
24396,0
16058,0
41419,1
12685,0
33193,0
20922,0
7999,0
16518,0
2457,0
625,0
10486,0
451,0
1431,0
40618,1
31818,0
38410,0
23909,0
38187,0
13192,0
20597,0
10128,0
37900,0
31434,0
18948,0
10742,0
28125,0
11054,0
20963,0
24824,0
7489,0
31923,0
2164,0
20677,0
18181,0
21365,0
14243,0
23799,0
25567,0
43249,1
32634,0
12066,0
11125,0
9306,0
42520,1
35995,0
44525,1
40759,1
11005,0
22517,0
12602,0
18004,0
25454,0
21100,0
27910,0
26742,0
45072,1
42879,1
31423,0
11139,0
6018,1
41925,1
21947,0
21139,0
10785,0
8396,0
36776,0
33289,0
10149,0
13363,0
12244,0
519,0
9327,0
5118,0
32459,0
44713,1
26142,0
34864,0
21039,0
2041,0
13522,0
32938,0
33487,0
5620,0
15263,0
38098,0
34903,0
41043,1
2676,0
4957,0
7751,0
4552,0
10965,0
39598,0
29161,0
26959,0
6442,1
37810,0
6462,1
27102,0
292,0
3146,0
33690,0
25808,0
14437,0
20028,0
19362,0
24056,0
43004,1
44535,1
45792,1
13403,0
33552,0
5677,0
21456,0
26224,0
8490,0
9361,0
27996,0
27051,0
37072,0
8942,0
9861,0
31180,0
41721,1
22694,0
25809,0
28116,0
20470,0
8975,0
31514,1
35015,0
10779,0
30560,0
43070,1
45356,1
3654,0
5108,0
25157,0
42177,1
44027,1
37422,0
23664,0
21197,0
41654,1
16290,0
4432,0
19645,0
22946,0
40381,1
27979,0
45064,1
28957,0
32213,0
26456,0
44137,1
24851,0
17264,0
17086,0
27847,0
3610,0
12572,0
42470,1
37309,0
4608,0
32901,0
31268,0
33281,0
34686,0
12356,0
15865,0
34453,0
9892,0
44276,1
35588,0
36464,0
4075,0
1118,0
5188,0
9417,0
17971,0
8724,0
8976,0
11924,0
5563,0
26418,0
1914,0
33980,0
16212,0
21489,0
26543,0
28625,0
2399,0
4906,0
3915,0
400,0
20593,0
26524,0
13254,0
8226,0
34145,0
18802,0
16887,0
3693,0
45283,1
20837,0
45098,1
39829,0
3333,0
9518,0
27268,0
30508,0
11495,0
42786,1
23345,0
28358,0
14741,0
2489,0
44722,1
19709,0
14726,0
11083,0
15757,0
31840,0
42475,1
30655,0
16204,0
6971,0
10719,0
1805,0
34343,0
38695,0
6847,0
14515,0
10469,0
11729,0
10925,0
33536,0
12482,0
32278,0
35056,0
39428,0
17688,0
34773,0
20464,0
22952,0
17773,0
13072,0
4783,0
22006,0
21534,0
43670,1
28277,0
34359,0
34151,0
31713,0
7424,0
8014,0
1540,0
45052,1
16868,0
25474,0
21305,0
26246,0
879,0
25241,0
43088,1
35966,0
44998,1
43207,1
33324,0
1703,0
11387,0
42286,1
34678,0
45353,1
10453,0
32014,0
38850,0
17668,0
2127,0
43076,1
28650,0
3237,0
34589,0
20121,0
3463,0
38423,0
35161,0
2926,0
24865,0
11479,0
29433,0
29151,0
544,0
7823,0
37093,0
19930,0
34017,0
729,0
15800,0
11548,0
36341,0
8955,0
44604,1
16098,0
28814,0
7339,0
17416,0
42950,1
27760,0
28120,0
13164,0
21690,0
24964,0
464,0
10342,0
3796,0
38969,0
5614,0
7180,0
3909,0
43104,1
12718,0
30564,0
2395,0
27755,0
28210,0
10611,0
25855,0
14037,0
7549,0
38100,0
21303,0
5979,1
43798,1
16889,0
26229,0
41979,1
26366,0
33298,0
37510,0
16988,0
976,0
11652,0
10401,0
4835,0
38166,0
25928,0
39409,0
19931,0
10478,0
25678,0
17595,0
23450,0
43392,1
20595,0
13805,0
25185,0
26587,0
30072,0
14330,0
44871,1
35079,0
27461,0
20491,0
30086,0
7405,0
10464,0
7195,0
26600,0
9050,0
34522,0
17188,0
17897,0
5925,0
16691,0
20037,0
28756,0
45428,1
37598,0
9008,0
21279,0
35571,0
26814,0
26065,0
31924,0
36312,0
14936,0
21800,0
35501,0
10122,0
2112,0
39686,0
25781,0
27256,0
27032,0
33815,0
24001,0
11037,0
40055,0
18311,0
32724,0
35759,0
3339,0
43247,1
7642,0
39216,0
24195,0
16832,0
42871,1
31648,0
21557,0
31913,0
5164,0
30649,0
26045,0
45718,1
41829,1
20918,0
40437,1
30553,0
26596,0
25351,0
30923,0
17740,0
43832,1
7849,0
1501,0
12183,0
33883,0
14927,0
30119,0
20188,0
13854,0
31761,0
30749,0
26929,0
18955,0
26521,0
22637,0
20454,0
42735,1
9094,0
39419,0
13789,0
21599,0
39767,0
34622,0
2835,0
4268,0
12113,0
35559,0
28909,0
20036,0
41571,1
2029,0
8550,0
20150,0
40237,1
21994,0
5388,0
41471,1
42004,1
25559,0
35,0
25992,0
16603,0
32142,0
40261,1
5844,0
31355,0
43985,1
6573,1
34503,0
17785,0
17867,0
35458,0
31580,0
7351,0
36900,0
39613,0
35553,0
13793,0
8069,0
8116,0
14116,0
28118,0
26773,0
13530,0
13460,0
29605,0
7186,0
28326,0
40848,1
35250,0
45595,1
17397,0
7984,0
41514,1
30217,0
11816,0
29647,0
4515,0
29092,0
3449,0
1341,0
9083,0
25960,0
14185,0
9124,0
9606,0
38468,0
45279,1
25002,0
16940,0
28689,0
23977,0
14132,0
31704,0
42230,1
15187,0
9133,0
43654,1
37321,0
13379,0
4413,0
31929,0
7348,0
32277,0
2666,0
39096,0
30022,0
16343,0
8152,0
31731,0
24576,0
21959,0
37049,0
43790,1
633,0
18274,0
13274,0
27089,0
42398,1
9601,0
44020,1
44511,1
44054,1
14689,0
22487,0
34435,0
38295,0
7832,0
32335,0
36425,0
19095,0
37721,0
42649,1
25675,0
37982,0
16703,0
36505,0
3475,0
4380,0
41841,1
33155,0
32800,0
40488,1
16005,0
36493,0
16618,0
26323,0
21426,0
23546,0
37452,0
31943,0
30817,0
13887,0
43930,1
14830,0
28799,0
29734,0
11851,0
35076,0
20030,0
27062,0
30170,0
5883,0
2126,0
5186,0
510,0
19038,0
12988,0
28183,0
21757,0
39769,0
13906,0
912,0
32224,1
25696,0
26475,0
35629,0
31516,0
12859,0
31610,0
41812,1
19608,0
18706,0
34255,0
36561,0
18636,0
36144,0
39103,0
14578,0
39992,0
34751,0
16668,0
24848,0
1036,0
40184,1
44991,1
10178,0
1798,0
8892,0
36534,0
28684,0
8485,0
43264,1
5915,0
38253,0
15661,0
13941,0
20428,0
38791,0
20448,0
30751,0
31045,0
10372,0
26124,0
1558,0
8377,0
8911,0
42279,1
39186,0
17440,0
25381,0
6514,1
44558,1
23672,0
39902,0
31123,0
22418,0
26673,0
12737,0
21125,0
11180,0
4638,0
13435,0
15350,0
26858,0
10090,0
5766,0
45117,1
22580,0
26462,0
25450,0
3002,0
29887,0
23914,0
16285,0
43556,1
25544,0
41765,1
37940,0
30300,0
33295,0
22098,0
12484,0
42857,1
37908,0
31455,0
39895,0
42270,1
36617,0
38037,0
14435,0
14472,0
7657,0
17872,0
14257,0
5401,0
10436,0
6461,1
25379,0
25127,0
42231,1
13831,0
34813,0
33221,0
5790,0
37552,0
13307,0
39601,0
13807,0
2468,0
19691,0
31804,0
13352,0
4718,0
21532,0
43348,1
1610,0
443,0
27007,0
4645,0
8918,0
15228,0
2532,0
31252,0
39157,0
37413,0
38185,0
21804,0
33484,0
33767,0
2281,0
36789,0
37298,0
45496,1
37627,0
1800,0
23676,0
7772,0
43603,1
44723,1
7468,0
36682,0
43488,1
36648,0
38618,0
26091,0
38309,0
7818,0
13494,0
41613,1
12387,0
1980,0
10044,0
9766,0
23225,0
23204,0
33721,0
25824,0
15047,0
45156,1
42558,1
19704,0
500,0
29403,0
33816,0
24390,0
1725,0
28447,0
34132,0
40391,1
3101,0
21927,0
37824,0
9828,0
11477,0
28686,0
21697,0
2451,0
41760,1
41207,1
28576,0
11263,0
37196,0
38055,0
22703,0
12965,0
20100,0
41618,1
25979,0
30156,0
10896,0
11351,0
2032,0
26100,0
22412,0
33656,0
17842,0
26208,0
27741,0
42548,1
41981,1
22643,0
30227,0
1663,0
4262,0
30799,0
38904,0
33230,0
42312,1
29854,0
16175,0
7391,0
31108,0
30452,0
40765,1
38239,0
19288,0
10919,0
31937,0
31609,0
26639,0
17072,0
15607,0
35543,0
22805,0
25505,0
16927,0
4355,0
13966,0
8370,0
31767,0
1250,0
21446,0
43221,1
36113,0
4726,0
24542,0
15720,0
34430,0
37216,0
18441,0
769,0
26051,0
41242,1
20968,0
4556,0
20904,0
6278,1
14287,0
20983,0
39808,0
25968,0
26444,0
9285,0
31785,0
701,0
39375,0
21918,0
4907,0
24046,0
25761,0
38291,0
6534,1
11196,0
17296,0
22772,0
22541,0
1954,0
9255,0
33848,0
14124,0
44946,1
3492,0
16437,0
27807,0
3369,0
37056,0
7709,0
31329,0
22177,0
7399,0
31856,0
30953,0
40902,1
31099,0
35864,0
32650,0
30102,0
9113,0
28941,0
38579,0
489,0
6512,1
26786,0
2152,0
19348,0
18839,0
32751,0
32837,0
37759,0
22543,0
12863,0
5684,0
663,0
20945,0
22261,0
45163,1
6227,1
43235,1
3821,0
12360,0
18639,0
26308,0
342,0
19214,0
30252,0
6870,0
28160,0
487,0
3436,0
11921,0
2862,0
35809,0
40435,1
5274,0
43961,1
8017,0
10975,0
45471,1
31597,0
32765,0
30683,0
35865,0
15360,0
37331,0
706,0
21721,0
44629,1
16702,0
20197,0
45480,1
40118,1
2253,0
9728,0
37838,0
43878,1
38782,0
26491,0
17915,0
36887,0
8736,0
442,0
22966,0
7042,1
43613,1
26572,0
20657,0
25399,0
38508,0
17632,0
12011,0
31559,0
26616,0
19517,0
4985,0
36166,0
39633,0
21249,0
15270,0
2797,0
15013,0
2984,0
30084,0
39082,0
30006,0
31183,0
5920,0
3121,0
1597,0
10510,0
30331,0
34106,0
15403,0
30484,0
44291,1
25168,0
7411,0
23005,0
42058,1
18524,0
44,0
27424,0
2604,0
20654,0
6179,1
5857,0
21104,0
2863,0
27002,0
17388,0
33010,0
45462,1
19329,0
27814,0
24402,0
45890,0
1723,0
17666,0
26368,0
10767,0
1996,0
876,0
7350,0
27536,0
20962,0
43187,1
1374,0
28336,0
36243,0
9803,0
41366,1
16664,0
7566,0
30773,0
6366,1
43351,1
41424,1
467,0
15122,0
23919,0
7927,0
27668,0
5483,0
37095,0
13184,0
44949,1
19585,0
39412,0
14960,0
34758,0
27086,0
13909,0
14371,0
40057,0
6347,1
1604,0
7866,0
31642,0
12683,0
10871,0
12513,0
20673,0
16894,0
37657,0
2485,0
30583,0
39231,0
44506,1
39385,0
28773,1
38668,0
44765,1
23843,0
3042,0
25382,0
29528,0
39218,0
41928,1
16355,0
29926,0
8357,0
22801,0
28726,0
16140,0
38207,0
30948,0
34265,0
33179,0
30456,0
29349,0
28618,0
42359,1
23017,0
16892,0
16840,0
17290,0
11579,0
13022,0
444,0
25232,0
31901,0
30986,0
45658,1
37134,0
31570,0
39446,0
32746,0
24007,0
25583,0
15989,0
42844,1
37825,0
33364,0
11452,0
26544,0
45647,1
5482,0
21127,0
76,0
12076,0
14888,0
8844,0
27036,0
2907,0
24972,0
6004,1
35978,0
21789,0
6570,1
32374,0
22215,0
1409,0
37543,0
37253,0
18112,0
36393,0
7150,0
654,0
40736,1
43518,1
17254,0
35617,0
4319,0
406,0
12840,0
40675,1
29832,0
26680,0
43577,1
35435,0
17920,0
27363,0
30698,0
44151,1
41007,1
16967,0
20594,0
43490,1
25200,0
3728,0
37441,0
288,0
33073,0
1361,0
40611,1
40859,1
5547,0
31961,0
43328,1
463,0
5781,0
22575,0
38812,0
41579,1
13443,0
29152,0
32619,0
27796,0
3265,0
36704,0
1032,0
16265,0
27590,0
15930,0
38809,0
4632,0
41241,1
8833,0
37445,0
38122,0
3763,0
38605,0
10239,0
21077,0
13923,0
34988,0
36779,0
21122,0
8585,0
18360,0
6419,1
16326,0
32340,0
2932,0
17712,0
14932,0
35838,0
4789,0
35137,0
10845,0
14122,0
34157,0
33997,0
2834,0
29235,0
43152,1
43846,1
13626,0
37446,0
39494,0
30888,0
5725,0
12947,0
40092,1
18092,0
42220,1
1915,0
26661,0
45726,1
38888,0
43359,1
10204,0
44698,1
29467,0
2690,0
38134,0
6104,1
37905,0
40274,1
5582,0
11639,0
32386,0
40436,1
43150,1
6422,1
15547,0
41698,1
40658,1
4096,0
9482,0
12898,0
